customer_id,total_watch_count,action_watch,drama_watch,comedy_watch,age_group,membership_type,prefer_action
1,39.0,3.0,6.0,11.0,20대,스탠다드,선호
2,21.0,9.0,16.0,3.0,30대,스탠다드,선호
3,53.0,4.0,12.0,10.0,40대이상,베이직,비선호
4,31.0,9.0,4.0,8.0,20대,프리미엄,비선호
5,47.0,2.0,22.0,4.0,20대,베이직,비선호
6,28.0,4.0,0.0,11.0,40대이상,스탠다드,비선호
7,24.0,7.0,14.0,0.0,30대,베이직,선호
8,18.0,0.0,15.0,5.0,40대이상,프리미엄,비선호
9,69.0,6.0,3.0,3.0,20대,스탠다드,선호
10,35.0,2.0,24.0,7.0,30대,스탠다드,선호
11,34.0,12.0,21.0,0.0,30대,베이직,선호
12,39.0,13.0,16.0,9.0,20대,베이직,선호
13,89.0,-0.0,11.0,10.0,30대,스탠다드,비선호
14,36.0,4.0,0.0,0.0,30대,베이직,선호
15,51.0,12.0,1.0,19.0,30대,스탠다드,선호
16,36.0,19.0,14.0,7.0,10대,스탠다드,선호
17,37.0,10.0,15.0,11.0,20대,스탠다드,선호
18,68.0,12.0,11.0,9.0,30대,베이직,선호
19,51.0,5.0,5.0,16.0,20대,스탠다드,선호
20,43.0,13.0,16.0,0.0,40대이상,프리미엄,선호
21,26.0,7.0,10.0,10.0,40대이상,베이직,비선호
22,60.0,0.0,4.0,4.0,30대,베이직,비선호
23,43.0,17.0,0.0,9.0,20대,스탠다드,선호
24,64.0,10.0,13.0,7.0,40대이상,스탠다드,선호
25,12.0,20.0,4.0,10.0,20대,프리미엄,선호
26,64.0,6.0,15.0,13.0,30대,베이직,비선호
27,30.0,12.0,13.0,4.0,40대이상,스탠다드,선호
28,27.0,6.0,4.0,6.0,30대,베이직,비선호
29,47.0,14.0,19.0,6.0,20대,프리미엄,선호
30,17.0,22.0,17.0,12.0,30대,프리미엄,선호
31,58.0,11.0,13.0,10.0,30대,스탠다드,선호
32,55.0,6.0,3.0,12.0,30대,프리미엄,비선호
33,29.0,13.0,0.0,4.0,40대이상,스탠다드,선호
34,34.0,9.0,1.0,2.0,30대,베이직,선호
35,43.0,13.0,12.0,5.0,20대,스탠다드,선호
36,44.0,17.0,14.0,13.0,40대이상,베이직,선호
37,32.0,4.0,18.0,7.0,30대,베이직,선호
38,32.0,0.0,8.0,8.0,40대이상,베이직,비선호
39,21.0,14.0,20.0,4.0,40대이상,스탠다드,선호
40,55.0,5.0,5.0,3.0,20대,베이직,선호
41,47.0,8.0,23.0,5.0,20대,프리미엄,선호
42,32.0,9.0,14.0,9.0,30대,스탠다드,선호
43,29.0,19.0,13.0,9.0,20대,베이직,선호
44,14.0,18.0,5.0,4.0,20대,스탠다드,선호
45,22.0,10.0,11.0,14.0,30대,스탠다드,비선호
46,47.0,7.0,7.0,7.0,20대,베이직,선호
47,47.0,17.0,8.0,-0.0,10대,베이직,선호
48,43.0,7.0,9.0,9.0,20대,베이직,비선호
49,55.0,5.0,1.0,20.0,20대,프리미엄,선호
50,23.0,4.0,11.0,6.0,40대이상,프리미엄,비선호
51,50.0,5.0,19.0,13.0,40대이상,프리미엄,선호
52,39.0,13.0,10.0,6.0,30대,베이직,선호
53,48.0,11.0,18.0,1.0,20대,스탠다드,선호
54,24.0,12.0,0.0,8.0,30대,베이직,선호
55,55.0,1.0,5.0,12.0,30대,베이직,비선호
56,7.0,18.0,3.0,0.0,40대이상,프리미엄,선호
57,70.0,7.0,10.0,7.0,20대,베이직,선호
58,60.0,8.0,10.0,9.0,30대,스탠다드,선호
59,32.0,15.0,0.0,1.0,30대,베이직,선호
60,31.0,6.0,13.0,8.0,10대,스탠다드,비선호
61,35.0,1.0,25.0,0.0,10대,스탠다드,비선호
62,63.0,10.0,9.0,0.0,40대이상,스탠다드,선호
63,37.0,12.0,9.0,4.0,30대,스탠다드,선호
64,34.0,9.0,13.0,6.0,30대,프리미엄,선호
65,24.0,8.0,7.0,7.0,10대,프리미엄,비선호
66,17.0,0.0,8.0,6.0,20대,스탠다드,비선호
67,27.0,6.0,-0.0,0.0,30대,스탠다드,선호
68,25.0,5.0,5.0,5.0,10대,프리미엄,선호
69,44.0,7.0,4.0,4.0,10대,베이직,비선호
70,50.0,19.0,6.0,0.0,30대,스탠다드,선호
71,40.0,10.0,13.0,10.0,20대,프리미엄,선호
72,38.0,9.0,5.0,3.0,10대,프리미엄,선호
73,80.0,0.0,16.0,3.0,10대,프리미엄,비선호
74,46.0,6.0,7.0,9.0,10대,스탠다드,선호
75,50.0,11.0,12.0,7.0,40대이상,스탠다드,선호
76,37.0,11.0,7.0,4.0,40대이상,스탠다드,선호
77,44.0,13.0,23.0,6.0,40대이상,베이직,선호
78,33.0,8.0,9.0,5.0,30대,프리미엄,비선호
79,30.0,4.0,5.0,3.0,30대,베이직,선호
80,31.0,21.0,3.0,-0.0,20대,베이직,비선호
81,36.0,18.0,14.0,3.0,,베이직,선호
82,26.0,4.0,11.0,4.0,30대,베이직,비선호
83,23.0,7.0,6.0,8.0,20대,스탠다드,선호
84,49.0,11.0,5.0,4.0,20대,스탠다드,비선호
85,34.0,0.0,5.0,3.0,30대,스탠다드,비선호
86,50.0,7.0,8.0,0.0,30대,베이직,비선호
87,46.0,16.0,9.0,4.0,20대,베이직,선호
88,59.0,12.0,11.0,4.0,30대,베이직,선호
89,40.0,1.0,13.0,12.0,20대,프리미엄,선호
90,38.0,1.0,4.0,13.0,20대,프리미엄,비선호
91,17.0,6.0,11.0,5.0,20대,스탠다드,비선호
92,44.0,11.0,9.0,5.0,20대,스탠다드,선호
93,52.0,3.0,10.0,6.0,20대,프리미엄,선호
94,53.0,4.0,12.0,3.0,30대,스탠다드,비선호
95,67.0,17.0,18.0,11.0,30대,베이직,선호
96,44.0,6.0,8.0,6.0,30대,베이직,선호
97,42.0,14.0,6.0,9.0,10대,베이직,선호
98,35.0,1.0,13.0,5.0,40대이상,프리미엄,비선호
99,31.0,6.0,8.0,12.0,30대,스탠다드,선호
100,47.0,15.0,14.0,6.0,10대,베이직,선호
101,50.0,3.0,18.0,11.0,10대,스탠다드,선호
102,12.0,18.0,11.0,3.0,20대,베이직,선호
103,42.0,13.0,14.0,4.0,20대,베이직,선호
104,42.0,5.0,16.0,-0.0,20대,베이직,선호
105,48.0,13.0,6.0,13.0,30대,스탠다드,선호
106,34.0,14.0,3.0,8.0,20대,스탠다드,선호
107,31.0,9.0,16.0,15.0,,스탠다드,비선호
108,46.0,6.0,19.0,2.0,20대,프리미엄,선호
109,44.0,4.0,0.0,7.0,20대,스탠다드,비선호
110,22.0,2.0,11.0,7.0,30대,스탠다드,비선호
111,26.0,7.0,19.0,13.0,20대,프리미엄,비선호
112,61.0,5.0,4.0,11.0,30대,스탠다드,비선호
113,33.0,5.0,0.0,6.0,20대,스탠다드,선호
114,23.0,11.0,19.0,1.0,40대이상,베이직,선호
115,35.0,16.0,10.0,20.0,20대,베이직,선호
116,24.0,7.0,7.0,0.0,20대,스탠다드,비선호
117,24.0,3.0,13.0,14.0,30대,스탠다드,비선호
118,28.0,4.0,16.0,0.0,30대,프리미엄,비선호
119,55.0,12.0,13.0,8.0,40대이상,스탠다드,선호
120,64.0,7.0,24.0,6.0,20대,스탠다드,선호
121,50.0,6.0,16.0,8.0,20대,베이직,비선호
122,57.0,7.0,8.0,4.0,40대이상,베이직,선호
123,27.0,10.0,8.0,8.0,20대,프리미엄,선호
124,40.0,2.0,11.0,0.0,30대,베이직,비선호
125,38.0,9.0,9.0,5.0,40대이상,베이직,선호
126,37.0,0.0,11.0,2.0,30대,프리미엄,비선호
127,54.0,12.0,18.0,0.0,20대,프리미엄,선호
128,17.0,3.0,2.0,4.0,30대,베이직,비선호
129,28.0,7.0,10.0,4.0,30대,스탠다드,비선호
130,54.0,13.0,8.0,0.0,40대이상,프리미엄,선호
131,38.0,7.0,22.0,2.0,30대,스탠다드,비선호
132,19.0,14.0,9.0,4.0,30대,프리미엄,선호
133,40.0,5.0,15.0,8.0,40대이상,스탠다드,선호
134,28.0,11.0,7.0,10.0,30대,스탠다드,선호
135,53.0,14.0,2.0,5.0,30대,베이직,선호
136,44.0,7.0,7.0,0.0,20대,베이직,선호
137,30.0,14.0,0.0,12.0,30대,스탠다드,선호
138,31.0,0.0,21.0,11.0,40대이상,스탠다드,비선호
139,23.0,12.0,12.0,8.0,30대,스탠다드,선호
140,54.0,10.0,8.0,9.0,20대,스탠다드,선호
141,39.0,4.0,15.0,7.0,30대,베이직,선호
142,39.0,6.0,16.0,12.0,40대이상,베이직,비선호
143,56.0,-0.0,14.0,4.0,30대,베이직,선호
144,40.0,7.0,5.0,2.0,20대,베이직,선호
145,45.0,20.0,4.0,4.0,40대이상,프리미엄,선호
146,21.0,4.0,0.0,12.0,20대,베이직,선호
147,22.0,15.0,9.0,12.0,30대,베이직,선호
148,39.0,9.0,13.0,2.0,20대,프리미엄,선호
149,41.0,1.0,8.0,9.0,30대,베이직,비선호
150,42.0,19.0,11.0,9.0,20대,스탠다드,선호
151,50.0,7.0,16.0,4.0,10대,스탠다드,비선호
152,33.0,2.0,1.0,7.0,10대,스탠다드,선호
153,29.0,14.0,5.0,10.0,20대,프리미엄,선호
154,18.0,11.0,12.0,5.0,30대,베이직,선호
155,40.0,6.0,20.0,13.0,20대,베이직,선호
156,45.0,7.0,13.0,6.0,10대,베이직,비선호
157,35.0,19.0,17.0,2.0,20대,스탠다드,선호
158,44.0,5.0,2.0,0.0,20대,베이직,비선호
159,60.0,3.0,12.0,11.0,40대이상,스탠다드,비선호
160,28.0,6.0,14.0,7.0,40대이상,베이직,선호
161,30.0,9.0,15.0,5.0,10대,베이직,선호
162,30.0,11.0,8.0,12.0,30대,스탠다드,선호
163,66.0,4.0,18.0,8.0,20대,프리미엄,선호
164,18.0,11.0,9.0,2.0,10대,스탠다드,선호
165,36.0,7.0,11.0,4.0,20대,베이직,비선호
166,44.0,16.0,15.0,0.0,30대,베이직,선호
167,28.0,7.0,9.0,12.0,40대이상,스탠다드,비선호
168,49.0,2.0,28.0,0.0,10대,베이직,선호
169,29.0,7.0,13.0,13.0,40대이상,스탠다드,비선호
170,9.0,11.0,17.0,4.0,10대,베이직,선호
171,35.0,7.0,2.0,2.0,30대,베이직,선호
172,45.0,11.0,17.0,1.0,20대,베이직,선호
173,47.0,7.0,6.0,7.0,20대,스탠다드,비선호
174,37.0,17.0,2.0,8.0,40대이상,프리미엄,선호
175,41.0,10.0,17.0,10.0,20대,프리미엄,비선호
176,54.0,14.0,6.0,10.0,20대,베이직,선호
177,32.0,5.0,7.0,12.0,20대,베이직,선호
178,26.0,12.0,7.0,1.0,30대,스탠다드,선호
179,38.0,0.0,17.0,8.0,40대이상,스탠다드,비선호
180,14.0,17.0,17.0,2.0,30대,스탠다드,선호
181,24.0,9.0,12.0,7.0,40대이상,프리미엄,선호
182,42.0,7.0,20.0,3.0,20대,프리미엄,선호
183,27.0,2.0,18.0,8.0,10대,프리미엄,비선호
184,38.0,8.0,20.0,9.0,30대,베이직,비선호
185,16.0,0.0,15.0,11.0,40대이상,프리미엄,비선호
186,72.0,11.0,17.0,0.0,20대,베이직,선호
187,44.0,0.0,9.0,11.0,30대,프리미엄,비선호
188,36.0,16.0,16.0,6.0,30대,스탠다드,선호
189,47.0,13.0,17.0,14.0,30대,베이직,선호
190,42.0,1.0,11.0,10.0,10대,스탠다드,비선호
191,46.0,4.0,13.0,7.0,20대,베이직,비선호
192,46.0,0.0,15.0,2.0,20대,베이직,비선호
193,23.0,16.0,11.0,8.0,20대,스탠다드,선호
194,10.0,7.0,8.0,5.0,30대,베이직,비선호
195,64.0,10.0,3.0,0.0,30대,베이직,선호
196,20.0,2.0,11.0,9.0,40대이상,프리미엄,비선호
197,55.0,11.0,0.0,8.0,20대,스탠다드,선호
198,19.0,5.0,5.0,-0.0,40대이상,스탠다드,비선호
199,42.0,16.0,14.0,7.0,20대,베이직,선호
200,43.0,8.0,11.0,4.0,40대이상,베이직,선호
201,60.0,9.0,27.0,3.0,30대,베이직,선호
202,49.0,18.0,18.0,7.0,20대,스탠다드,선호
203,39.0,10.0,18.0,10.0,40대이상,스탠다드,선호
204,49.0,11.0,18.0,1.0,30대,베이직,선호
205,19.0,4.0,7.0,13.0,10대,스탠다드,비선호
206,57.0,3.0,5.0,5.0,10대,스탠다드,비선호
207,30.0,13.0,8.0,10.0,30대,베이직,선호
208,41.0,5.0,19.0,18.0,20대,베이직,비선호
209,37.0,21.0,3.0,0.0,30대,베이직,선호
210,0.0,16.0,12.0,11.0,10대,스탠다드,선호
211,19.0,21.0,11.0,6.0,40대이상,베이직,선호
212,62.0,7.0,17.0,5.0,20대,베이직,선호
213,54.0,17.0,5.0,3.0,,스탠다드,선호
214,50.0,4.0,0.0,6.0,10대,스탠다드,선호
215,42.0,11.0,13.0,2.0,30대,스탠다드,선호
216,42.0,8.0,0.0,2.0,30대,프리미엄,선호
217,50.0,14.0,0.0,14.0,40대이상,스탠다드,선호
218,21.0,0.0,0.0,5.0,30대,베이직,선호
219,26.0,11.0,-0.0,9.0,30대,베이직,선호
220,17.0,12.0,16.0,4.0,10대,프리미엄,선호
221,37.0,11.0,0.0,12.0,30대,스탠다드,선호
222,49.0,10.0,10.0,0.0,40대이상,프리미엄,선호
223,41.0,7.0,4.0,0.0,,베이직,선호
224,33.0,15.0,1.0,5.0,40대이상,프리미엄,선호
225,33.0,5.0,21.0,0.0,40대이상,스탠다드,선호
226,43.0,7.0,1.0,4.0,10대,베이직,선호
227,35.0,9.0,12.0,1.0,40대이상,스탠다드,선호
228,51.0,0.0,20.0,11.0,10대,스탠다드,비선호
229,51.0,0.0,9.0,11.0,30대,베이직,비선호
230,48.0,15.0,7.0,15.0,40대이상,스탠다드,선호
231,38.0,6.0,14.0,5.0,40대이상,스탠다드,비선호
232,46.0,9.0,-0.0,5.0,40대이상,프리미엄,선호
233,55.0,9.0,16.0,8.0,30대,프리미엄,선호
234,48.0,12.0,4.0,0.0,30대,스탠다드,선호
235,21.0,13.0,8.0,2.0,20대,베이직,비선호
236,52.0,16.0,19.0,0.0,10대,베이직,비선호
237,34.0,9.0,6.0,0.0,10대,프리미엄,선호
238,35.0,18.0,6.0,10.0,40대이상,스탠다드,선호
239,60.0,21.0,2.0,4.0,20대,베이직,선호
240,54.0,10.0,11.0,9.0,20대,스탠다드,비선호
241,38.0,19.0,10.0,0.0,40대이상,스탠다드,선호
242,30.0,13.0,9.0,6.0,10대,베이직,선호
243,16.0,12.0,16.0,4.0,20대,베이직,선호
244,28.0,18.0,3.0,7.0,30대,프리미엄,선호
245,35.0,16.0,24.0,13.0,20대,프리미엄,선호
246,50.0,0.0,7.0,2.0,20대,베이직,비선호
247,30.0,11.0,7.0,9.0,30대,스탠다드,선호
248,45.0,15.0,18.0,7.0,10대,베이직,선호
249,69.0,9.0,17.0,7.0,20대,스탠다드,선호
250,41.0,13.0,13.0,8.0,20대,베이직,선호
251,75.0,8.0,13.0,7.0,30대,스탠다드,선호
252,52.0,0.0,0.0,6.0,30대,스탠다드,비선호
253,27.0,11.0,9.0,12.0,20대,베이직,선호
254,51.0,13.0,16.0,0.0,30대,스탠다드,선호
255,27.0,12.0,25.0,8.0,10대,스탠다드,선호
256,13.0,11.0,13.0,15.0,30대,베이직,선호
257,38.0,7.0,13.0,8.0,40대이상,스탠다드,선호
258,39.0,1.0,12.0,11.0,30대,베이직,선호
259,41.0,10.0,20.0,5.0,30대,프리미엄,선호
260,45.0,12.0,19.0,8.0,10대,베이직,비선호
261,43.0,6.0,6.0,4.0,20대,베이직,비선호
262,49.0,10.0,1.0,5.0,10대,베이직,비선호
263,58.0,16.0,14.0,10.0,10대,스탠다드,선호
264,30.0,20.0,16.0,0.0,20대,프리미엄,선호
265,26.0,12.0,22.0,15.0,20대,프리미엄,선호
266,48.0,0.0,10.0,4.0,10대,스탠다드,비선호
267,26.0,2.0,6.0,11.0,20대,베이직,비선호
268,49.0,11.0,5.0,0.0,20대,베이직,선호
269,26.0,1.0,15.0,5.0,30대,스탠다드,비선호
270,61.0,7.0,13.0,8.0,40대이상,프리미엄,선호
271,30.0,0.0,11.0,1.0,10대,프리미엄,비선호
272,56.0,12.0,9.0,8.0,40대이상,프리미엄,선호
273,53.0,7.0,12.0,1.0,40대이상,스탠다드,선호
274,22.0,12.0,18.0,2.0,30대,스탠다드,선호
275,68.0,0.0,2.0,0.0,30대,스탠다드,선호
276,47.0,9.0,11.0,7.0,30대,베이직,비선호
277,28.0,6.0,13.0,9.0,20대,스탠다드,선호
278,60.0,13.0,6.0,0.0,10대,스탠다드,선호
279,9.0,0.0,22.0,6.0,20대,베이직,비선호
280,33.0,14.0,23.0,13.0,20대,프리미엄,선호
281,47.0,21.0,12.0,1.0,30대,베이직,선호
282,26.0,10.0,10.0,6.0,30대,프리미엄,선호
283,45.0,7.0,5.0,3.0,20대,베이직,선호
284,56.0,3.0,10.0,2.0,20대,프리미엄,비선호
285,26.0,4.0,15.0,0.0,20대,베이직,선호
286,58.0,3.0,8.0,7.0,30대,스탠다드,비선호
287,21.0,1.0,10.0,-0.0,20대,프리미엄,비선호
288,56.0,5.0,27.0,11.0,20대,스탠다드,선호
289,49.0,-0.0,4.0,-0.0,40대이상,베이직,비선호
290,48.0,2.0,11.0,11.0,40대이상,베이직,선호
291,55.0,5.0,4.0,11.0,40대이상,베이직,선호
292,12.0,14.0,10.0,2.0,,베이직,선호
293,29.0,6.0,14.0,2.0,20대,베이직,선호
294,26.0,15.0,6.0,13.0,20대,스탠다드,선호
295,32.0,7.0,6.0,0.0,30대,스탠다드,선호
296,11.0,12.0,5.0,0.0,10대,베이직,선호
297,19.0,5.0,11.0,-0.0,30대,스탠다드,비선호
298,39.0,1.0,17.0,5.0,10대,베이직,비선호
299,37.0,13.0,21.0,8.0,20대,프리미엄,선호
300,48.0,7.0,16.0,9.0,30대,프리미엄,비선호
301,42.0,13.0,2.0,8.0,40대이상,프리미엄,선호
302,46.0,2.0,21.0,5.0,20대,스탠다드,비선호
303,36.0,15.0,5.0,10.0,30대,프리미엄,선호
304,47.0,15.0,12.0,7.0,30대,베이직,선호
305,80.0,12.0,1.0,8.0,30대,베이직,선호
306,58.0,7.0,0.0,3.0,30대,프리미엄,선호
307,22.0,6.0,12.0,11.0,30대,프리미엄,비선호
308,27.0,3.0,11.0,14.0,40대이상,스탠다드,비선호
309,24.0,5.0,5.0,0.0,40대이상,스탠다드,비선호
310,51.0,4.0,1.0,10.0,30대,베이직,선호
311,58.0,15.0,17.0,8.0,30대,베이직,선호
312,38.0,6.0,18.0,3.0,20대,베이직,선호
313,32.0,16.0,12.0,21.0,30대,스탠다드,선호
314,43.0,17.0,7.0,15.0,10대,스탠다드,선호
315,53.0,1.0,14.0,2.0,30대,스탠다드,비선호
316,51.0,4.0,6.0,0.0,10대,베이직,선호
317,34.0,14.0,12.0,6.0,40대이상,프리미엄,비선호
318,50.0,8.0,18.0,2.0,20대,프리미엄,선호
319,32.0,9.0,22.0,9.0,20대,베이직,선호
320,22.0,6.0,10.0,7.0,30대,베이직,비선호
321,47.0,6.0,15.0,0.0,30대,스탠다드,선호
322,30.0,14.0,11.0,10.0,30대,스탠다드,선호
323,53.0,0.0,7.0,4.0,30대,스탠다드,비선호
324,9.0,-0.0,4.0,5.0,30대,스탠다드,비선호
325,32.0,8.0,8.0,8.0,10대,베이직,선호
326,73.0,0.0,0.0,4.0,10대,프리미엄,비선호
327,59.0,14.0,11.0,17.0,10대,스탠다드,선호
328,33.0,12.0,19.0,6.0,40대이상,스탠다드,선호
329,34.0,4.0,1.0,10.0,20대,베이직,비선호
330,49.0,9.0,7.0,7.0,20대,프리미엄,선호
331,30.0,3.0,12.0,0.0,20대,베이직,선호
332,35.0,21.0,14.0,4.0,,스탠다드,선호
333,57.0,8.0,24.0,10.0,40대이상,스탠다드,선호
334,36.0,3.0,16.0,9.0,20대,스탠다드,비선호
335,44.0,4.0,13.0,15.0,20대,스탠다드,선호
336,52.0,4.0,12.0,5.0,40대이상,베이직,비선호
337,64.0,9.0,7.0,4.0,40대이상,베이직,선호
338,47.0,21.0,9.0,9.0,20대,스탠다드,선호
339,45.0,0.0,0.0,6.0,30대,스탠다드,비선호
340,56.0,8.0,9.0,15.0,30대,스탠다드,선호
341,37.0,7.0,19.0,9.0,20대,프리미엄,선호
342,45.0,1.0,11.0,9.0,40대이상,스탠다드,선호
343,19.0,6.0,17.0,5.0,30대,베이직,선호
344,34.0,1.0,2.0,1.0,10대,베이직,비선호
345,32.0,11.0,15.0,5.0,30대,베이직,비선호
346,28.0,14.0,5.0,2.0,30대,베이직,선호
347,31.0,11.0,11.0,11.0,10대,스탠다드,선호
348,59.0,4.0,19.0,6.0,20대,프리미엄,선호
349,19.0,5.0,10.0,6.0,40대이상,베이직,비선호
350,37.0,7.0,20.0,12.0,30대,스탠다드,비선호
351,23.0,9.0,5.0,14.0,10대,프리미엄,선호
352,59.0,11.0,-0.0,12.0,30대,스탠다드,선호
353,26.0,0.0,6.0,6.0,20대,베이직,선호
354,59.0,12.0,14.0,2.0,20대,스탠다드,선호
355,32.0,0.0,14.0,11.0,20대,스탠다드,비선호
356,42.0,7.0,0.0,3.0,20대,스탠다드,비선호
357,55.0,12.0,9.0,11.0,,스탠다드,비선호
358,32.0,12.0,18.0,5.0,,스탠다드,선호
359,47.0,4.0,8.0,13.0,40대이상,베이직,비선호
360,43.0,6.0,5.0,2.0,30대,스탠다드,비선호
361,25.0,24.0,19.0,-0.0,30대,베이직,선호
362,69.0,0.0,17.0,7.0,,스탠다드,선호
363,51.0,4.0,12.0,13.0,20대,스탠다드,선호
364,13.0,3.0,17.0,1.0,20대,스탠다드,비선호
365,57.0,10.0,11.0,7.0,20대,스탠다드,선호
366,57.0,5.0,2.0,6.0,,프리미엄,선호
367,38.0,3.0,1.0,-0.0,20대,프리미엄,선호
368,38.0,3.0,18.0,8.0,20대,스탠다드,비선호
369,32.0,9.0,7.0,5.0,20대,스탠다드,선호
370,31.0,0.0,27.0,10.0,20대,스탠다드,비선호
371,30.0,7.0,2.0,7.0,30대,프리미엄,비선호
372,30.0,12.0,17.0,14.0,30대,프리미엄,비선호
373,37.0,4.0,22.0,8.0,20대,스탠다드,선호
374,35.0,8.0,10.0,4.0,30대,베이직,비선호
375,17.0,6.0,10.0,0.0,40대이상,베이직,선호
376,40.0,11.0,19.0,7.0,20대,베이직,비선호
377,39.0,10.0,3.0,12.0,20대,베이직,선호
378,31.0,9.0,15.0,10.0,10대,스탠다드,선호
379,17.0,0.0,0.0,4.0,10대,베이직,선호
380,3.0,4.0,13.0,2.0,10대,스탠다드,선호
381,41.0,5.0,12.0,3.0,40대이상,베이직,선호
382,64.0,9.0,13.0,16.0,30대,프리미엄,선호
383,42.0,10.0,18.0,15.0,20대,프리미엄,선호
384,55.0,4.0,15.0,7.0,20대,프리미엄,선호
385,37.0,12.0,19.0,8.0,40대이상,베이직,선호
386,75.0,11.0,0.0,1.0,30대,스탠다드,선호
387,44.0,16.0,23.0,1.0,30대,스탠다드,선호
388,57.0,7.0,14.0,7.0,20대,베이직,선호
389,36.0,0.0,0.0,6.0,30대,베이직,비선호
390,21.0,10.0,15.0,4.0,20대,베이직,선호
391,33.0,8.0,6.0,0.0,40대이상,프리미엄,선호
392,37.0,4.0,16.0,4.0,40대이상,베이직,선호
393,27.0,12.0,23.0,7.0,20대,베이직,선호
394,61.0,11.0,12.0,2.0,20대,스탠다드,선호
395,21.0,7.0,6.0,6.0,40대이상,베이직,비선호
396,47.0,11.0,14.0,-0.0,30대,프리미엄,선호
397,46.0,8.0,8.0,7.0,40대이상,프리미엄,선호
398,48.0,10.0,10.0,4.0,40대이상,스탠다드,선호
399,27.0,5.0,15.0,5.0,20대,프리미엄,선호
400,53.0,10.0,9.0,3.0,40대이상,프리미엄,선호
401,38.0,16.0,6.0,18.0,40대이상,프리미엄,선호
402,60.0,11.0,10.0,2.0,20대,베이직,비선호
403,5.0,0.0,14.0,6.0,40대이상,스탠다드,비선호
404,44.0,16.0,24.0,9.0,10대,스탠다드,선호
405,53.0,7.0,11.0,8.0,40대이상,스탠다드,선호
406,48.0,0.0,9.0,11.0,30대,스탠다드,비선호
407,27.0,3.0,10.0,3.0,30대,스탠다드,비선호
408,30.0,6.0,0.0,10.0,10대,베이직,선호
409,69.0,15.0,20.0,2.0,30대,베이직,선호
410,29.0,8.0,0.0,3.0,40대이상,베이직,선호
411,49.0,3.0,15.0,4.0,20대,베이직,선호
412,23.0,1.0,7.0,0.0,30대,스탠다드,비선호
413,35.0,5.0,15.0,3.0,30대,베이직,비선호
414,81.0,9.0,10.0,9.0,20대,프리미엄,비선호
415,69.0,0.0,10.0,10.0,20대,프리미엄,선호
416,29.0,12.0,1.0,3.0,20대,베이직,선호
417,54.0,5.0,18.0,10.0,40대이상,베이직,비선호
418,37.0,9.0,6.0,9.0,10대,스탠다드,선호
419,66.0,3.0,12.0,3.0,20대,스탠다드,비선호
420,36.0,15.0,17.0,7.0,30대,스탠다드,선호
421,20.0,10.0,9.0,2.0,30대,프리미엄,선호
422,28.0,4.0,9.0,13.0,30대,스탠다드,비선호
423,33.0,13.0,11.0,0.0,20대,베이직,선호
424,28.0,10.0,33.0,5.0,40대이상,스탠다드,비선호
425,33.0,2.0,7.0,0.0,20대,프리미엄,비선호
426,33.0,6.0,20.0,10.0,30대,스탠다드,비선호
427,27.0,3.0,0.0,4.0,10대,스탠다드,선호
428,46.0,6.0,0.0,8.0,20대,프리미엄,비선호
429,6.0,7.0,14.0,-0.0,10대,스탠다드,선호
430,36.0,20.0,9.0,8.0,20대,베이직,선호
431,46.0,7.0,-0.0,6.0,30대,프리미엄,선호
432,36.0,4.0,10.0,-0.0,10대,프리미엄,비선호
433,30.0,4.0,0.0,0.0,40대이상,스탠다드,선호
434,40.0,4.0,16.0,8.0,40대이상,프리미엄,비선호
435,29.0,2.0,12.0,17.0,40대이상,베이직,선호
436,35.0,3.0,0.0,7.0,40대이상,스탠다드,선호
437,53.0,3.0,0.0,1.0,10대,베이직,선호
438,61.0,5.0,15.0,0.0,30대,프리미엄,비선호
439,21.0,12.0,19.0,17.0,20대,프리미엄,선호
440,28.0,17.0,19.0,5.0,20대,프리미엄,선호
441,18.0,1.0,19.0,6.0,20대,스탠다드,비선호
442,37.0,-0.0,15.0,8.0,40대이상,프리미엄,비선호
443,39.0,4.0,0.0,14.0,30대,베이직,비선호
444,15.0,6.0,8.0,2.0,40대이상,스탠다드,비선호
445,47.0,4.0,1.0,0.0,30대,베이직,비선호
446,56.0,7.0,15.0,9.0,30대,프리미엄,선호
447,31.0,0.0,11.0,8.0,10대,프리미엄,비선호
448,47.0,4.0,10.0,1.0,40대이상,베이직,선호
449,47.0,18.0,12.0,14.0,30대,스탠다드,선호
450,49.0,16.0,7.0,13.0,30대,베이직,선호
451,31.0,5.0,15.0,6.0,20대,베이직,비선호
452,11.0,12.0,6.0,7.0,,프리미엄,선호
453,36.0,3.0,6.0,3.0,20대,베이직,선호
454,57.0,3.0,20.0,10.0,30대,스탠다드,비선호
455,43.0,5.0,3.0,2.0,20대,베이직,비선호
456,26.0,8.0,11.0,10.0,40대이상,스탠다드,선호
457,42.0,4.0,16.0,2.0,40대이상,프리미엄,비선호
458,43.0,2.0,19.0,10.0,10대,프리미엄,비선호
459,53.0,9.0,14.0,9.0,10대,스탠다드,선호
460,44.0,1.0,13.0,10.0,10대,스탠다드,비선호
461,70.0,5.0,10.0,5.0,30대,베이직,비선호
462,59.0,6.0,24.0,9.0,30대,스탠다드,선호
463,50.0,16.0,25.0,7.0,40대이상,베이직,선호
464,15.0,6.0,18.0,2.0,20대,프리미엄,선호
465,59.0,1.0,1.0,1.0,10대,스탠다드,선호
466,33.0,11.0,11.0,16.0,20대,스탠다드,선호
467,47.0,19.0,2.0,5.0,30대,베이직,선호
468,56.0,14.0,16.0,15.0,20대,스탠다드,선호
469,69.0,14.0,0.0,3.0,40대이상,베이직,선호
470,61.0,6.0,9.0,3.0,20대,베이직,선호
471,22.0,11.0,14.0,4.0,30대,베이직,선호
472,26.0,16.0,20.0,5.0,20대,스탠다드,선호
473,31.0,0.0,16.0,10.0,20대,베이직,비선호
474,25.0,0.0,12.0,9.0,40대이상,베이직,비선호
475,67.0,10.0,6.0,9.0,40대이상,스탠다드,선호
476,69.0,9.0,15.0,7.0,10대,프리미엄,선호
477,70.0,9.0,18.0,1.0,30대,베이직,선호
478,37.0,15.0,2.0,12.0,30대,베이직,선호
479,26.0,13.0,8.0,6.0,10대,스탠다드,선호
480,51.0,10.0,9.0,11.0,40대이상,프리미엄,선호
481,45.0,0.0,23.0,3.0,10대,베이직,비선호
482,49.0,10.0,1.0,4.0,40대이상,프리미엄,선호
483,57.0,16.0,4.0,7.0,20대,스탠다드,선호
484,39.0,0.0,8.0,9.0,20대,스탠다드,비선호
485,49.0,9.0,9.0,0.0,20대,베이직,비선호
486,70.0,5.0,4.0,0.0,30대,스탠다드,선호
487,21.0,8.0,1.0,13.0,20대,스탠다드,선호
488,19.0,9.0,21.0,7.0,20대,스탠다드,선호
489,22.0,2.0,0.0,5.0,10대,베이직,선호
490,28.0,15.0,17.0,0.0,20대,베이직,선호
491,52.0,13.0,0.0,11.0,40대이상,프리미엄,선호
492,50.0,16.0,13.0,14.0,40대이상,베이직,선호
493,32.0,12.0,5.0,6.0,20대,스탠다드,선호
494,54.0,7.0,5.0,3.0,20대,프리미엄,선호
495,24.0,0.0,7.0,8.0,20대,프리미엄,비선호
496,22.0,5.0,14.0,0.0,20대,베이직,비선호
497,45.0,15.0,3.0,11.0,20대,프리미엄,선호
498,26.0,7.0,15.0,5.0,30대,베이직,비선호
499,26.0,10.0,9.0,10.0,20대,프리미엄,선호
500,42.0,14.0,7.0,-0.0,10대,스탠다드,선호
501,34.0,8.0,4.0,14.0,,베이직,선호
502,66.0,1.0,7.0,6.0,40대이상,프리미엄,비선호
503,36.0,12.0,17.0,6.0,40대이상,스탠다드,비선호
504,41.0,14.0,8.0,0.0,30대,베이직,선호
505,25.0,10.0,15.0,6.0,10대,베이직,선호
506,43.0,19.0,0.0,8.0,30대,스탠다드,선호
507,44.0,1.0,5.0,6.0,10대,베이직,비선호
508,56.0,0.0,0.0,3.0,40대이상,스탠다드,비선호
509,33.0,8.0,14.0,7.0,20대,프리미엄,선호
510,48.0,3.0,14.0,3.0,30대,프리미엄,비선호
511,24.0,16.0,17.0,11.0,40대이상,베이직,선호
512,26.0,13.0,17.0,0.0,40대이상,스탠다드,선호
513,17.0,6.0,25.0,17.0,30대,베이직,비선호
514,41.0,17.0,10.0,3.0,30대,스탠다드,선호
515,21.0,13.0,14.0,11.0,20대,스탠다드,선호
516,50.0,5.0,19.0,3.0,10대,스탠다드,선호
517,59.0,13.0,25.0,1.0,20대,스탠다드,선호
518,55.0,22.0,5.0,9.0,20대,스탠다드,선호
519,56.0,0.0,0.0,3.0,10대,베이직,비선호
520,49.0,7.0,8.0,7.0,20대,베이직,선호
521,46.0,9.0,5.0,3.0,20대,베이직,선호
522,40.0,11.0,7.0,9.0,40대이상,스탠다드,선호
523,37.0,17.0,9.0,3.0,20대,베이직,선호
524,75.0,5.0,14.0,1.0,20대,스탠다드,비선호
525,59.0,14.0,15.0,9.0,,베이직,선호
526,29.0,4.0,7.0,7.0,20대,베이직,비선호
527,42.0,6.0,3.0,0.0,10대,스탠다드,비선호
528,20.0,8.0,3.0,9.0,30대,스탠다드,비선호
529,27.0,9.0,12.0,4.0,20대,베이직,비선호
530,38.0,9.0,4.0,9.0,30대,스탠다드,비선호
531,50.0,8.0,10.0,5.0,30대,스탠다드,선호
532,38.0,13.0,3.0,5.0,20대,베이직,선호
533,51.0,17.0,10.0,7.0,30대,베이직,선호
534,23.0,10.0,19.0,8.0,10대,베이직,선호
535,42.0,5.0,16.0,11.0,10대,프리미엄,선호
536,39.0,8.0,1.0,3.0,40대이상,베이직,선호
537,51.0,3.0,3.0,16.0,20대,베이직,비선호
538,50.0,7.0,5.0,11.0,30대,프리미엄,선호
539,47.0,0.0,16.0,12.0,20대,베이직,비선호
540,52.0,2.0,12.0,2.0,30대,프리미엄,비선호
541,49.0,0.0,12.0,1.0,20대,스탠다드,비선호
542,31.0,9.0,9.0,5.0,40대이상,프리미엄,선호
543,38.0,1.0,10.0,3.0,30대,스탠다드,비선호
544,28.0,5.0,8.0,6.0,10대,프리미엄,비선호
545,40.0,0.0,14.0,7.0,10대,프리미엄,비선호
546,30.0,7.0,11.0,0.0,20대,스탠다드,선호
547,4.0,16.0,0.0,-0.0,20대,베이직,선호
548,30.0,16.0,14.0,8.0,30대,베이직,비선호
549,11.0,10.0,21.0,9.0,40대이상,베이직,비선호
550,27.0,10.0,11.0,5.0,10대,베이직,선호
551,54.0,14.0,12.0,14.0,20대,베이직,비선호
552,28.0,11.0,4.0,4.0,40대이상,스탠다드,선호
553,53.0,3.0,0.0,5.0,20대,베이직,비선호
554,45.0,12.0,23.0,9.0,20대,스탠다드,선호
555,42.0,14.0,11.0,8.0,30대,스탠다드,선호
556,52.0,1.0,9.0,0.0,20대,스탠다드,선호
557,49.0,0.0,8.0,4.0,40대이상,프리미엄,비선호
558,42.0,5.0,0.0,13.0,20대,스탠다드,비선호
559,29.0,0.0,17.0,4.0,20대,베이직,비선호
560,16.0,5.0,11.0,3.0,,스탠다드,비선호
561,47.0,16.0,5.0,2.0,30대,베이직,선호
562,56.0,15.0,14.0,2.0,40대이상,스탠다드,선호
563,42.0,1.0,4.0,1.0,10대,스탠다드,선호
564,60.0,8.0,19.0,12.0,30대,스탠다드,선호
565,16.0,17.0,2.0,5.0,20대,스탠다드,선호
566,27.0,7.0,6.0,14.0,20대,스탠다드,선호
567,39.0,0.0,10.0,6.0,20대,스탠다드,비선호
568,27.0,11.0,19.0,0.0,20대,스탠다드,선호
569,30.0,14.0,10.0,12.0,10대,프리미엄,선호
570,11.0,2.0,6.0,0.0,20대,프리미엄,비선호
571,15.0,7.0,6.0,0.0,20대,스탠다드,비선호
572,27.0,16.0,15.0,0.0,40대이상,베이직,선호
573,42.0,19.0,12.0,3.0,30대,베이직,선호
574,12.0,18.0,9.0,2.0,40대이상,베이직,선호
575,32.0,10.0,5.0,10.0,40대이상,스탠다드,선호
576,55.0,13.0,9.0,3.0,30대,프리미엄,비선호
577,37.0,10.0,8.0,13.0,20대,스탠다드,선호
578,14.0,8.0,7.0,14.0,20대,베이직,비선호
579,31.0,14.0,7.0,9.0,20대,베이직,선호
580,31.0,6.0,0.0,13.0,40대이상,베이직,선호
581,26.0,14.0,13.0,14.0,20대,베이직,선호
582,54.0,19.0,6.0,5.0,10대,베이직,선호
583,36.0,9.0,8.0,2.0,40대이상,스탠다드,비선호
584,25.0,3.0,16.0,3.0,20대,베이직,비선호
585,65.0,5.0,2.0,0.0,30대,스탠다드,비선호
586,16.0,20.0,16.0,4.0,10대,베이직,선호
587,34.0,5.0,26.0,6.0,30대,스탠다드,비선호
588,20.0,0.0,12.0,7.0,20대,베이직,비선호
589,53.0,12.0,10.0,14.0,20대,스탠다드,선호
590,67.0,9.0,10.0,0.0,30대,프리미엄,선호
591,41.0,12.0,12.0,7.0,30대,베이직,선호
592,64.0,6.0,12.0,8.0,20대,프리미엄,비선호
593,38.0,3.0,9.0,13.0,10대,스탠다드,비선호
594,28.0,5.0,3.0,6.0,40대이상,스탠다드,비선호
595,57.0,7.0,4.0,6.0,10대,베이직,선호
596,38.0,21.0,4.0,5.0,40대이상,베이직,선호
597,26.0,11.0,5.0,8.0,20대,베이직,선호
598,49.0,9.0,8.0,7.0,30대,프리미엄,선호
599,23.0,0.0,14.0,0.0,20대,베이직,비선호
600,65.0,16.0,7.0,3.0,20대,스탠다드,선호
601,48.0,19.0,16.0,7.0,20대,베이직,선호
602,36.0,9.0,13.0,10.0,30대,스탠다드,선호
603,63.0,13.0,15.0,6.0,40대이상,프리미엄,비선호
604,59.0,0.0,11.0,4.0,20대,베이직,선호
605,37.0,6.0,19.0,16.0,30대,베이직,비선호
606,72.0,10.0,18.0,16.0,40대이상,프리미엄,비선호
607,27.0,12.0,8.0,11.0,20대,스탠다드,선호
608,2.0,8.0,2.0,11.0,10대,스탠다드,선호
609,33.0,4.0,6.0,10.0,20대,스탠다드,비선호
610,40.0,3.0,5.0,6.0,,베이직,비선호
611,49.0,13.0,2.0,1.0,20대,스탠다드,선호
612,80.0,11.0,0.0,2.0,20대,프리미엄,선호
613,31.0,4.0,12.0,0.0,20대,프리미엄,선호
614,40.0,14.0,7.0,5.0,30대,베이직,선호
615,58.0,5.0,2.0,0.0,30대,베이직,비선호
616,41.0,0.0,0.0,10.0,10대,스탠다드,비선호
617,62.0,17.0,13.0,10.0,30대,베이직,선호
618,29.0,4.0,15.0,8.0,30대,스탠다드,비선호
619,20.0,4.0,22.0,7.0,20대,프리미엄,선호
620,37.0,6.0,11.0,8.0,30대,스탠다드,비선호
621,54.0,7.0,17.0,12.0,10대,스탠다드,선호
622,27.0,8.0,3.0,4.0,20대,베이직,비선호
623,39.0,12.0,22.0,4.0,10대,스탠다드,선호
624,62.0,4.0,17.0,8.0,10대,스탠다드,선호
625,34.0,20.0,16.0,2.0,20대,베이직,선호
626,41.0,14.0,0.0,6.0,40대이상,프리미엄,선호
627,24.0,4.0,15.0,11.0,30대,베이직,선호
628,42.0,3.0,10.0,10.0,20대,프리미엄,비선호
629,43.0,9.0,15.0,11.0,30대,프리미엄,선호
630,51.0,7.0,13.0,14.0,40대이상,프리미엄,비선호
631,52.0,11.0,19.0,8.0,30대,베이직,선호
632,42.0,3.0,13.0,8.0,40대이상,베이직,선호
633,56.0,4.0,7.0,7.0,10대,프리미엄,비선호
634,52.0,4.0,9.0,15.0,20대,베이직,비선호
635,30.0,13.0,20.0,10.0,20대,스탠다드,선호
636,36.0,7.0,13.0,0.0,20대,베이직,비선호
637,45.0,0.0,17.0,9.0,40대이상,베이직,비선호
638,49.0,12.0,10.0,6.0,20대,베이직,선호
639,19.0,4.0,3.0,6.0,40대이상,프리미엄,선호
640,46.0,13.0,13.0,5.0,20대,스탠다드,선호
641,30.0,14.0,6.0,1.0,30대,베이직,선호
642,31.0,3.0,16.0,9.0,20대,베이직,선호
643,22.0,1.0,6.0,9.0,20대,베이직,비선호
644,39.0,9.0,3.0,1.0,20대,베이직,선호
645,0.0,16.0,15.0,7.0,20대,스탠다드,선호
646,62.0,0.0,0.0,13.0,40대이상,스탠다드,선호
647,10.0,7.0,11.0,15.0,20대,베이직,비선호
648,34.0,7.0,8.0,10.0,30대,베이직,비선호
649,31.0,9.0,14.0,6.0,10대,스탠다드,선호
650,56.0,3.0,9.0,11.0,40대이상,베이직,선호
651,57.0,2.0,14.0,0.0,40대이상,스탠다드,선호
652,62.0,7.0,3.0,1.0,10대,베이직,비선호
653,32.0,12.0,13.0,9.0,20대,베이직,선호
654,1.0,6.0,27.0,6.0,20대,스탠다드,선호
655,46.0,15.0,24.0,0.0,30대,베이직,선호
656,22.0,15.0,0.0,5.0,30대,베이직,선호
657,44.0,10.0,1.0,8.0,30대,스탠다드,선호
658,29.0,9.0,0.0,3.0,20대,스탠다드,비선호
659,18.0,0.0,15.0,4.0,30대,스탠다드,선호
660,23.0,2.0,1.0,2.0,20대,스탠다드,비선호
661,47.0,7.0,6.0,6.0,20대,스탠다드,선호
662,63.0,6.0,7.0,9.0,10대,스탠다드,선호
663,73.0,15.0,37.0,8.0,40대이상,스탠다드,선호
664,48.0,9.0,9.0,2.0,40대이상,베이직,비선호
665,35.0,6.0,25.0,11.0,20대,베이직,비선호
666,24.0,5.0,11.0,13.0,40대이상,베이직,선호
667,64.0,12.0,11.0,3.0,10대,프리미엄,선호
668,57.0,16.0,0.0,2.0,10대,스탠다드,선호
669,36.0,6.0,8.0,15.0,20대,스탠다드,선호
670,54.0,15.0,6.0,-0.0,30대,베이직,선호
671,39.0,4.0,16.0,-0.0,10대,베이직,비선호
672,44.0,3.0,12.0,5.0,20대,프리미엄,비선호
673,57.0,3.0,35.0,6.0,30대,베이직,비선호
674,21.0,9.0,13.0,12.0,20대,프리미엄,비선호
675,35.0,7.0,10.0,4.0,10대,스탠다드,선호
676,38.0,15.0,2.0,15.0,30대,베이직,선호
677,17.0,4.0,8.0,0.0,40대이상,스탠다드,선호
678,57.0,12.0,12.0,8.0,30대,스탠다드,선호
679,38.0,3.0,3.0,7.0,40대이상,베이직,비선호
680,34.0,14.0,14.0,7.0,20대,스탠다드,선호
681,21.0,15.0,9.0,9.0,10대,프리미엄,선호
682,42.0,10.0,24.0,3.0,20대,베이직,선호
683,16.0,14.0,4.0,2.0,40대이상,스탠다드,선호
684,49.0,15.0,11.0,5.0,20대,스탠다드,선호
685,38.0,18.0,14.0,3.0,30대,스탠다드,선호
686,49.0,4.0,2.0,3.0,20대,베이직,선호
687,40.0,0.0,2.0,19.0,40대이상,프리미엄,비선호
688,56.0,13.0,19.0,0.0,20대,베이직,선호
689,38.0,6.0,14.0,10.0,40대이상,스탠다드,선호
690,34.0,8.0,16.0,3.0,30대,스탠다드,선호
691,49.0,6.0,20.0,1.0,20대,베이직,비선호
692,51.0,12.0,22.0,11.0,20대,베이직,선호
693,15.0,8.0,7.0,5.0,40대이상,베이직,비선호
694,35.0,9.0,4.0,3.0,10대,베이직,비선호
695,43.0,11.0,7.0,5.0,30대,프리미엄,선호
696,27.0,6.0,21.0,14.0,30대,베이직,선호
697,46.0,9.0,21.0,4.0,10대,베이직,선호
698,40.0,6.0,0.0,8.0,40대이상,스탠다드,비선호
699,56.0,3.0,5.0,0.0,40대이상,베이직,선호
700,31.0,12.0,19.0,14.0,30대,스탠다드,선호
701,23.0,12.0,4.0,16.0,20대,베이직,비선호
702,40.0,13.0,7.0,0.0,10대,베이직,선호
703,39.0,18.0,0.0,5.0,10대,스탠다드,선호
704,35.0,16.0,0.0,6.0,20대,베이직,선호
705,26.0,8.0,11.0,4.0,20대,스탠다드,선호
706,45.0,20.0,13.0,6.0,40대이상,스탠다드,선호
707,39.0,15.0,11.0,15.0,20대,스탠다드,비선호
708,25.0,6.0,6.0,9.0,40대이상,베이직,비선호
709,68.0,3.0,14.0,21.0,20대,프리미엄,비선호
710,39.0,4.0,3.0,15.0,20대,베이직,비선호
711,20.0,17.0,8.0,0.0,40대이상,베이직,선호
712,24.0,17.0,8.0,6.0,30대,스탠다드,선호
713,26.0,12.0,8.0,5.0,10대,스탠다드,선호
714,32.0,15.0,6.0,0.0,30대,프리미엄,선호
715,43.0,7.0,25.0,16.0,10대,스탠다드,선호
716,26.0,5.0,0.0,15.0,10대,프리미엄,비선호
717,32.0,11.0,6.0,9.0,20대,베이직,선호
718,38.0,7.0,1.0,5.0,20대,베이직,비선호
719,56.0,4.0,35.0,6.0,40대이상,베이직,선호
720,40.0,11.0,0.0,4.0,30대,베이직,선호
721,45.0,0.0,19.0,12.0,40대이상,스탠다드,비선호
722,62.0,9.0,5.0,10.0,20대,베이직,비선호
723,37.0,6.0,2.0,0.0,30대,베이직,선호
724,37.0,12.0,21.0,3.0,20대,프리미엄,선호
725,42.0,14.0,3.0,2.0,40대이상,프리미엄,선호
726,33.0,3.0,8.0,8.0,,스탠다드,선호
727,58.0,3.0,12.0,8.0,20대,스탠다드,비선호
728,46.0,6.0,11.0,2.0,20대,베이직,선호
729,58.0,10.0,11.0,6.0,30대,스탠다드,선호
730,40.0,0.0,19.0,15.0,10대,베이직,비선호
731,21.0,18.0,4.0,8.0,20대,베이직,선호
732,30.0,5.0,17.0,3.0,20대,베이직,비선호
733,21.0,0.0,3.0,9.0,20대,프리미엄,선호
734,40.0,4.0,18.0,8.0,40대이상,스탠다드,선호
735,34.0,4.0,22.0,7.0,20대,스탠다드,비선호
736,34.0,6.0,9.0,0.0,20대,베이직,선호
737,33.0,10.0,7.0,13.0,10대,프리미엄,선호
738,38.0,10.0,0.0,14.0,20대,베이직,비선호
739,48.0,13.0,5.0,4.0,20대,스탠다드,선호
740,33.0,8.0,19.0,11.0,10대,베이직,선호
741,84.0,6.0,13.0,13.0,,스탠다드,비선호
742,42.0,7.0,10.0,7.0,40대이상,베이직,선호
743,60.0,6.0,13.0,4.0,20대,스탠다드,선호
744,37.0,0.0,26.0,6.0,40대이상,베이직,선호
745,55.0,7.0,22.0,12.0,,베이직,선호
746,33.0,6.0,17.0,6.0,40대이상,베이직,비선호
747,30.0,8.0,11.0,0.0,30대,베이직,선호
748,33.0,2.0,-0.0,8.0,20대,베이직,비선호
749,41.0,11.0,6.0,5.0,30대,베이직,선호
750,25.0,3.0,15.0,15.0,40대이상,베이직,선호
751,27.0,9.0,7.0,2.0,30대,베이직,비선호
752,55.0,7.0,17.0,11.0,30대,스탠다드,비선호
753,30.0,4.0,4.0,7.0,40대이상,베이직,비선호
754,26.0,17.0,5.0,7.0,10대,베이직,선호
755,48.0,10.0,10.0,10.0,30대,스탠다드,선호
756,40.0,13.0,9.0,8.0,20대,프리미엄,선호
757,47.0,8.0,21.0,5.0,30대,스탠다드,비선호
758,40.0,15.0,10.0,7.0,20대,베이직,선호
759,33.0,16.0,15.0,10.0,20대,베이직,선호
760,49.0,7.0,11.0,17.0,20대,베이직,비선호
761,61.0,7.0,5.0,4.0,,베이직,비선호
762,28.0,11.0,9.0,1.0,30대,베이직,선호
763,45.0,7.0,14.0,8.0,30대,베이직,선호
764,31.0,6.0,8.0,4.0,30대,스탠다드,선호
765,28.0,8.0,17.0,5.0,20대,스탠다드,비선호
766,28.0,20.0,2.0,6.0,20대,베이직,선호
767,36.0,5.0,8.0,9.0,10대,베이직,선호
768,43.0,4.0,19.0,9.0,20대,베이직,비선호
769,34.0,7.0,5.0,20.0,20대,스탠다드,선호
770,38.0,14.0,17.0,16.0,30대,베이직,선호
771,20.0,10.0,15.0,1.0,20대,스탠다드,선호
772,50.0,10.0,11.0,5.0,30대,스탠다드,선호
773,43.0,12.0,6.0,5.0,20대,베이직,선호
774,54.0,9.0,19.0,10.0,40대이상,프리미엄,선호
775,15.0,8.0,11.0,4.0,30대,스탠다드,선호
776,40.0,5.0,2.0,8.0,10대,베이직,비선호
777,53.0,10.0,8.0,1.0,20대,프리미엄,선호
778,37.0,7.0,4.0,6.0,10대,베이직,선호
779,28.0,8.0,10.0,5.0,20대,스탠다드,선호
780,53.0,-0.0,9.0,4.0,40대이상,스탠다드,비선호
781,36.0,5.0,7.0,8.0,40대이상,베이직,선호
782,0.0,6.0,17.0,-0.0,20대,스탠다드,비선호
783,52.0,12.0,16.0,0.0,10대,프리미엄,선호
784,21.0,7.0,-0.0,9.0,10대,프리미엄,비선호
785,50.0,3.0,12.0,0.0,20대,베이직,비선호
786,44.0,4.0,19.0,6.0,20대,베이직,비선호
787,25.0,22.0,19.0,17.0,30대,프리미엄,선호
788,60.0,0.0,6.0,6.0,20대,스탠다드,비선호
789,34.0,5.0,16.0,5.0,20대,스탠다드,선호
790,42.0,19.0,14.0,5.0,30대,프리미엄,선호
791,53.0,7.0,5.0,12.0,30대,스탠다드,선호
792,39.0,0.0,20.0,13.0,40대이상,베이직,비선호
793,44.0,6.0,15.0,9.0,30대,스탠다드,선호
794,44.0,11.0,13.0,4.0,30대,프리미엄,선호
795,42.0,6.0,5.0,9.0,20대,베이직,선호
796,27.0,7.0,3.0,7.0,20대,스탠다드,비선호
797,49.0,6.0,2.0,9.0,20대,베이직,선호
798,41.0,15.0,0.0,6.0,20대,프리미엄,선호
799,40.0,10.0,5.0,6.0,20대,스탠다드,선호
800,48.0,2.0,13.0,9.0,40대이상,프리미엄,선호
801,24.0,12.0,9.0,4.0,30대,베이직,비선호
802,24.0,0.0,26.0,0.0,20대,스탠다드,비선호
803,33.0,10.0,4.0,0.0,20대,베이직,선호
804,58.0,15.0,14.0,10.0,20대,스탠다드,선호
805,53.0,12.0,6.0,6.0,40대이상,베이직,비선호
806,5.0,12.0,11.0,9.0,30대,프리미엄,선호
807,36.0,19.0,11.0,10.0,20대,스탠다드,선호
808,41.0,12.0,9.0,6.0,20대,프리미엄,선호
809,10.0,0.0,7.0,9.0,40대이상,베이직,비선호
810,61.0,8.0,11.0,8.0,20대,베이직,선호
811,46.0,13.0,0.0,10.0,20대,프리미엄,선호
812,43.0,6.0,1.0,0.0,10대,베이직,선호
813,57.0,22.0,21.0,-0.0,30대,프리미엄,선호
814,31.0,7.0,9.0,2.0,,스탠다드,선호
815,34.0,10.0,17.0,17.0,20대,베이직,선호
816,43.0,6.0,19.0,6.0,20대,베이직,선호
817,43.0,13.0,5.0,0.0,20대,스탠다드,선호
818,22.0,12.0,0.0,9.0,20대,베이직,비선호
819,31.0,23.0,19.0,14.0,20대,프리미엄,선호
820,57.0,12.0,6.0,1.0,30대,베이직,선호
821,47.0,4.0,14.0,8.0,10대,베이직,선호
822,26.0,0.0,3.0,15.0,20대,스탠다드,선호
823,30.0,12.0,15.0,0.0,40대이상,베이직,선호
824,51.0,3.0,18.0,9.0,20대,스탠다드,비선호
825,42.0,9.0,15.0,0.0,20대,베이직,선호
826,26.0,7.0,0.0,2.0,10대,스탠다드,선호
827,25.0,0.0,17.0,4.0,20대,베이직,비선호
828,29.0,9.0,25.0,6.0,40대이상,베이직,비선호
829,27.0,6.0,16.0,8.0,10대,프리미엄,선호
830,33.0,8.0,1.0,2.0,30대,프리미엄,선호
831,32.0,12.0,5.0,10.0,30대,베이직,선호
832,57.0,12.0,0.0,3.0,40대이상,베이직,선호
833,55.0,15.0,20.0,0.0,40대이상,프리미엄,비선호
834,51.0,20.0,7.0,11.0,30대,베이직,선호
835,54.0,23.0,15.0,10.0,30대,베이직,선호
836,41.0,23.0,-0.0,5.0,,스탠다드,선호
837,0.0,15.0,-0.0,2.0,20대,스탠다드,선호
838,55.0,7.0,11.0,10.0,20대,프리미엄,비선호
839,13.0,8.0,13.0,0.0,40대이상,스탠다드,선호
840,65.0,6.0,15.0,0.0,20대,베이직,비선호
841,41.0,15.0,1.0,2.0,20대,베이직,선호
842,15.0,9.0,20.0,1.0,10대,베이직,비선호
843,44.0,9.0,10.0,7.0,30대,베이직,선호
844,46.0,7.0,15.0,0.0,20대,베이직,비선호
845,53.0,15.0,14.0,6.0,30대,스탠다드,선호
846,40.0,14.0,12.0,8.0,30대,스탠다드,선호
847,59.0,25.0,9.0,2.0,40대이상,베이직,선호
848,57.0,4.0,12.0,12.0,20대,스탠다드,비선호
849,20.0,11.0,15.0,0.0,10대,프리미엄,선호
850,36.0,5.0,23.0,11.0,20대,베이직,비선호
851,48.0,2.0,11.0,7.0,30대,베이직,선호
852,58.0,4.0,11.0,11.0,30대,스탠다드,선호
853,61.0,0.0,8.0,0.0,40대이상,베이직,선호
854,29.0,1.0,7.0,7.0,20대,베이직,선호
855,22.0,6.0,9.0,4.0,40대이상,프리미엄,선호
856,39.0,0.0,12.0,5.0,20대,베이직,비선호
857,40.0,15.0,21.0,6.0,20대,스탠다드,선호
858,37.0,7.0,0.0,8.0,20대,프리미엄,선호
859,48.0,1.0,5.0,0.0,10대,베이직,비선호
860,37.0,13.0,23.0,5.0,40대이상,스탠다드,선호
861,49.0,0.0,8.0,0.0,30대,프리미엄,비선호
862,44.0,11.0,1.0,10.0,20대,스탠다드,비선호
863,54.0,9.0,5.0,4.0,10대,스탠다드,선호
864,45.0,15.0,11.0,1.0,30대,프리미엄,선호
865,49.0,11.0,11.0,8.0,10대,스탠다드,선호
866,39.0,17.0,9.0,-0.0,30대,스탠다드,선호
867,37.0,11.0,9.0,8.0,40대이상,베이직,선호
868,27.0,0.0,8.0,13.0,20대,프리미엄,선호
869,48.0,8.0,5.0,9.0,30대,베이직,선호
870,12.0,4.0,10.0,6.0,20대,베이직,비선호
871,14.0,3.0,26.0,5.0,20대,스탠다드,선호
872,9.0,15.0,17.0,10.0,10대,스탠다드,선호
873,65.0,17.0,8.0,1.0,30대,스탠다드,선호
874,10.0,0.0,6.0,5.0,30대,베이직,비선호
875,56.0,2.0,11.0,2.0,20대,스탠다드,비선호
876,43.0,6.0,13.0,1.0,40대이상,베이직,선호
877,41.0,12.0,23.0,16.0,30대,스탠다드,선호
878,25.0,17.0,10.0,13.0,40대이상,베이직,선호
879,36.0,9.0,8.0,1.0,40대이상,베이직,비선호
880,52.0,4.0,7.0,6.0,10대,스탠다드,비선호
881,44.0,10.0,16.0,9.0,20대,스탠다드,비선호
882,36.0,15.0,20.0,5.0,40대이상,베이직,선호
883,43.0,6.0,3.0,6.0,30대,스탠다드,비선호
884,31.0,6.0,0.0,5.0,20대,스탠다드,비선호
885,46.0,10.0,30.0,13.0,20대,베이직,선호
886,30.0,5.0,0.0,0.0,40대이상,베이직,비선호
887,72.0,14.0,14.0,8.0,40대이상,프리미엄,선호
888,30.0,15.0,8.0,6.0,20대,프리미엄,선호
889,42.0,10.0,2.0,2.0,30대,스탠다드,선호
890,46.0,2.0,7.0,8.0,20대,스탠다드,비선호
891,46.0,1.0,11.0,1.0,30대,베이직,선호
892,48.0,17.0,22.0,10.0,20대,베이직,선호
893,10.0,1.0,11.0,-0.0,30대,베이직,비선호
894,38.0,12.0,1.0,2.0,20대,스탠다드,선호
895,60.0,4.0,0.0,8.0,20대,베이직,선호
896,14.0,2.0,26.0,10.0,10대,스탠다드,비선호
897,28.0,9.0,8.0,0.0,30대,베이직,비선호
898,77.0,3.0,18.0,7.0,20대,스탠다드,비선호
899,68.0,9.0,-0.0,2.0,40대이상,스탠다드,선호
900,21.0,8.0,16.0,0.0,20대,베이직,선호
901,73.0,16.0,19.0,2.0,20대,프리미엄,선호
902,27.0,15.0,14.0,0.0,30대,베이직,선호
903,32.0,0.0,7.0,3.0,20대,프리미엄,비선호
904,47.0,4.0,11.0,10.0,30대,스탠다드,선호
905,31.0,5.0,4.0,16.0,30대,스탠다드,비선호
906,33.0,13.0,2.0,7.0,30대,스탠다드,선호
907,21.0,7.0,14.0,1.0,10대,스탠다드,선호
908,15.0,12.0,9.0,13.0,30대,프리미엄,선호
909,37.0,21.0,4.0,0.0,40대이상,프리미엄,선호
910,28.0,4.0,12.0,12.0,10대,스탠다드,비선호
911,38.0,13.0,13.0,5.0,20대,스탠다드,선호
912,42.0,12.0,3.0,4.0,30대,프리미엄,선호
913,47.0,7.0,7.0,0.0,40대이상,베이직,선호
914,42.0,3.0,15.0,4.0,20대,프리미엄,비선호
915,22.0,3.0,15.0,4.0,20대,베이직,비선호
916,50.0,4.0,18.0,10.0,30대,베이직,선호
917,60.0,16.0,0.0,3.0,20대,베이직,선호
918,24.0,20.0,10.0,8.0,10대,스탠다드,선호
919,66.0,9.0,11.0,0.0,,스탠다드,선호
920,32.0,0.0,2.0,1.0,20대,스탠다드,비선호
921,45.0,3.0,6.0,6.0,20대,스탠다드,비선호
922,12.0,11.0,12.0,3.0,20대,베이직,선호
923,38.0,5.0,9.0,12.0,20대,베이직,비선호
924,29.0,12.0,8.0,10.0,20대,베이직,선호
925,37.0,7.0,18.0,0.0,,베이직,선호
926,51.0,6.0,19.0,2.0,20대,스탠다드,선호
927,46.0,0.0,12.0,0.0,30대,스탠다드,비선호
928,77.0,11.0,8.0,8.0,40대이상,스탠다드,선호
929,23.0,14.0,3.0,6.0,30대,프리미엄,선호
930,43.0,9.0,26.0,0.0,20대,프리미엄,선호
931,33.0,5.0,18.0,0.0,20대,베이직,비선호
932,39.0,12.0,13.0,4.0,20대,프리미엄,선호
933,42.0,0.0,8.0,8.0,40대이상,프리미엄,비선호
934,45.0,14.0,20.0,6.0,40대이상,베이직,선호
935,35.0,1.0,6.0,0.0,40대이상,프리미엄,비선호
936,36.0,6.0,21.0,0.0,20대,베이직,비선호
937,46.0,14.0,8.0,13.0,10대,프리미엄,선호
938,36.0,1.0,11.0,8.0,20대,베이직,비선호
939,45.0,3.0,30.0,5.0,30대,스탠다드,비선호
940,42.0,21.0,6.0,12.0,40대이상,프리미엄,선호
941,23.0,19.0,13.0,9.0,10대,베이직,선호
942,56.0,-0.0,19.0,4.0,,스탠다드,비선호
943,28.0,6.0,13.0,0.0,30대,프리미엄,선호
944,34.0,7.0,13.0,0.0,30대,베이직,선호
945,47.0,0.0,16.0,4.0,20대,베이직,비선호
946,45.0,14.0,21.0,-0.0,30대,프리미엄,선호
947,31.0,0.0,4.0,1.0,30대,스탠다드,비선호
948,16.0,8.0,2.0,2.0,20대,스탠다드,선호
949,21.0,0.0,10.0,0.0,40대이상,스탠다드,비선호
950,39.0,6.0,21.0,13.0,40대이상,스탠다드,선호
951,34.0,4.0,11.0,3.0,30대,프리미엄,비선호
952,34.0,10.0,19.0,1.0,30대,베이직,선호
953,21.0,6.0,0.0,5.0,20대,베이직,선호
954,38.0,14.0,0.0,8.0,10대,베이직,선호
955,55.0,11.0,5.0,22.0,10대,스탠다드,선호
956,34.0,4.0,0.0,4.0,40대이상,프리미엄,비선호
957,31.0,17.0,4.0,4.0,10대,스탠다드,선호
958,31.0,5.0,12.0,3.0,40대이상,베이직,비선호
959,45.0,4.0,8.0,11.0,10대,스탠다드,선호
960,30.0,4.0,5.0,2.0,40대이상,프리미엄,비선호
961,67.0,5.0,18.0,0.0,30대,스탠다드,선호
962,43.0,1.0,10.0,4.0,10대,베이직,비선호
963,23.0,8.0,8.0,3.0,20대,베이직,선호
964,26.0,14.0,16.0,12.0,10대,프리미엄,선호
965,44.0,14.0,5.0,12.0,20대,스탠다드,선호
966,14.0,10.0,16.0,1.0,,베이직,비선호
967,47.0,9.0,11.0,3.0,20대,스탠다드,선호
968,42.0,10.0,10.0,3.0,30대,베이직,선호
969,42.0,18.0,5.0,9.0,20대,베이직,선호
970,30.0,21.0,19.0,6.0,20대,베이직,선호
971,61.0,9.0,6.0,15.0,40대이상,스탠다드,선호
972,41.0,8.0,3.0,0.0,30대,프리미엄,선호
973,34.0,18.0,0.0,9.0,20대,베이직,선호
974,37.0,23.0,16.0,11.0,40대이상,프리미엄,선호
975,33.0,14.0,0.0,5.0,20대,베이직,선호
976,53.0,6.0,8.0,13.0,40대이상,스탠다드,선호
977,65.0,11.0,6.0,12.0,30대,베이직,비선호
978,45.0,14.0,8.0,3.0,40대이상,베이직,선호
979,44.0,8.0,12.0,4.0,30대,스탠다드,비선호
980,41.0,15.0,26.0,3.0,10대,스탠다드,비선호
981,9.0,10.0,20.0,4.0,30대,스탠다드,선호
982,34.0,12.0,7.0,6.0,30대,베이직,선호
983,40.0,0.0,8.0,2.0,20대,스탠다드,비선호
984,40.0,8.0,4.0,13.0,10대,프리미엄,선호
985,24.0,7.0,18.0,-0.0,20대,프리미엄,선호
986,25.0,6.0,7.0,8.0,40대이상,베이직,비선호
987,29.0,8.0,7.0,-0.0,40대이상,스탠다드,선호
988,45.0,3.0,16.0,6.0,40대이상,스탠다드,선호
989,34.0,7.0,13.0,1.0,30대,스탠다드,비선호
990,22.0,8.0,16.0,0.0,10대,스탠다드,선호
991,56.0,17.0,21.0,15.0,40대이상,베이직,선호
992,43.0,7.0,3.0,-0.0,10대,베이직,선호
993,39.0,13.0,8.0,15.0,30대,베이직,선호
994,22.0,4.0,19.0,4.0,40대이상,스탠다드,선호
995,10.0,11.0,9.0,7.0,40대이상,베이직,비선호
996,49.0,9.0,6.0,10.0,,프리미엄,선호
997,53.0,13.0,22.0,11.0,30대,베이직,선호
998,47.0,15.0,10.0,5.0,30대,베이직,선호
999,49.0,6.0,13.0,7.0,30대,스탠다드,선호
1000,51.0,17.0,20.0,5.0,20대,베이직,선호
1001,42.0,13.0,3.0,1.0,20대,베이직,비선호
1002,27.0,12.0,8.0,7.0,30대,스탠다드,비선호
1003,43.0,12.0,15.0,10.0,30대,베이직,선호
1004,75.0,11.0,15.0,10.0,30대,베이직,선호
1005,26.0,0.0,9.0,10.0,30대,프리미엄,비선호
1006,44.0,6.0,2.0,11.0,20대,스탠다드,비선호
1007,39.0,2.0,2.0,12.0,40대이상,스탠다드,비선호
1008,49.0,3.0,11.0,8.0,30대,스탠다드,비선호
1009,24.0,0.0,0.0,5.0,10대,프리미엄,비선호
1010,50.0,15.0,7.0,17.0,20대,스탠다드,선호
1011,67.0,0.0,2.0,1.0,10대,베이직,선호
1012,49.0,9.0,24.0,9.0,30대,스탠다드,선호
1013,55.0,0.0,10.0,4.0,20대,프리미엄,비선호
1014,38.0,0.0,6.0,11.0,40대이상,프리미엄,비선호
1015,48.0,12.0,0.0,9.0,30대,베이직,선호
1016,29.0,1.0,6.0,3.0,20대,스탠다드,비선호
1017,25.0,3.0,11.0,4.0,40대이상,스탠다드,비선호
1018,29.0,8.0,23.0,10.0,20대,베이직,비선호
1019,43.0,0.0,5.0,6.0,40대이상,베이직,비선호
1020,37.0,6.0,9.0,10.0,20대,베이직,선호
1021,87.0,7.0,11.0,3.0,10대,베이직,비선호
1022,57.0,10.0,17.0,6.0,30대,베이직,비선호
1023,40.0,0.0,13.0,0.0,40대이상,스탠다드,비선호
1024,57.0,0.0,4.0,4.0,40대이상,프리미엄,비선호
1025,50.0,6.0,8.0,12.0,40대이상,스탠다드,선호
1026,29.0,14.0,14.0,9.0,30대,스탠다드,선호
1027,36.0,5.0,4.0,8.0,10대,스탠다드,선호
1028,43.0,13.0,18.0,10.0,30대,베이직,선호
1029,45.0,12.0,12.0,7.0,30대,베이직,선호
1030,53.0,16.0,4.0,14.0,30대,베이직,선호
1031,41.0,5.0,5.0,10.0,30대,베이직,선호
1032,38.0,8.0,15.0,3.0,20대,베이직,비선호
1033,33.0,4.0,15.0,2.0,10대,프리미엄,선호
1034,47.0,14.0,10.0,6.0,40대이상,스탠다드,선호
1035,27.0,3.0,6.0,10.0,20대,스탠다드,선호
1036,38.0,7.0,13.0,8.0,30대,베이직,선호
1037,21.0,8.0,21.0,5.0,40대이상,베이직,비선호
1038,51.0,8.0,8.0,12.0,30대,프리미엄,선호
1039,50.0,3.0,23.0,3.0,20대,프리미엄,비선호
1040,28.0,6.0,11.0,15.0,30대,베이직,선호
1041,41.0,12.0,3.0,15.0,30대,스탠다드,선호
1042,53.0,11.0,11.0,4.0,20대,베이직,비선호
1043,49.0,14.0,27.0,8.0,20대,베이직,선호
1044,50.0,19.0,-0.0,4.0,40대이상,베이직,선호
1045,45.0,3.0,10.0,0.0,20대,베이직,선호
1046,51.0,1.0,7.0,0.0,30대,베이직,비선호
1047,56.0,12.0,13.0,6.0,40대이상,스탠다드,비선호
1048,45.0,5.0,9.0,5.0,40대이상,스탠다드,선호
1049,36.0,1.0,23.0,13.0,30대,프리미엄,선호
1050,52.0,8.0,17.0,2.0,20대,프리미엄,비선호
1051,36.0,0.0,0.0,8.0,30대,베이직,비선호
1052,43.0,12.0,-0.0,3.0,30대,스탠다드,선호
1053,42.0,4.0,5.0,5.0,40대이상,베이직,선호
1054,30.0,2.0,10.0,24.0,10대,스탠다드,비선호
1055,60.0,2.0,22.0,2.0,40대이상,스탠다드,비선호
1056,36.0,12.0,7.0,1.0,40대이상,프리미엄,선호
1057,42.0,12.0,0.0,3.0,20대,베이직,선호
1058,30.0,13.0,2.0,7.0,20대,스탠다드,선호
1059,25.0,8.0,13.0,13.0,40대이상,스탠다드,비선호
1060,84.0,10.0,16.0,3.0,10대,베이직,선호
1061,37.0,6.0,17.0,16.0,40대이상,베이직,선호
1062,44.0,4.0,0.0,7.0,30대,베이직,비선호
1063,36.0,18.0,14.0,3.0,20대,프리미엄,선호
1064,38.0,0.0,8.0,6.0,20대,스탠다드,비선호
1065,0.0,17.0,12.0,4.0,10대,베이직,선호
1066,40.0,6.0,15.0,16.0,20대,스탠다드,비선호
1067,36.0,11.0,8.0,6.0,30대,스탠다드,선호
1068,67.0,17.0,12.0,4.0,10대,베이직,비선호
1069,31.0,4.0,13.0,8.0,10대,베이직,선호
1070,39.0,11.0,19.0,7.0,30대,프리미엄,선호
1071,21.0,9.0,15.0,3.0,40대이상,스탠다드,비선호
1072,24.0,10.0,7.0,3.0,10대,베이직,비선호
1073,55.0,10.0,0.0,2.0,40대이상,베이직,선호
1074,42.0,3.0,6.0,9.0,20대,베이직,선호
1075,68.0,6.0,28.0,2.0,10대,스탠다드,선호
1076,32.0,17.0,18.0,4.0,20대,스탠다드,선호
1077,34.0,17.0,6.0,6.0,30대,프리미엄,선호
1078,53.0,6.0,0.0,17.0,20대,프리미엄,비선호
1079,34.0,8.0,20.0,0.0,20대,베이직,비선호
1080,48.0,12.0,23.0,4.0,20대,베이직,선호
1081,35.0,0.0,15.0,6.0,30대,스탠다드,선호
1082,27.0,13.0,7.0,18.0,40대이상,베이직,선호
1083,52.0,9.0,0.0,1.0,40대이상,베이직,선호
1084,48.0,14.0,2.0,5.0,40대이상,베이직,선호
1085,33.0,6.0,4.0,9.0,30대,스탠다드,비선호
1086,31.0,5.0,4.0,7.0,20대,스탠다드,비선호
1087,67.0,3.0,17.0,0.0,40대이상,베이직,비선호
1088,50.0,2.0,15.0,0.0,30대,스탠다드,선호
1089,25.0,4.0,0.0,13.0,40대이상,베이직,선호
1090,64.0,7.0,14.0,10.0,40대이상,프리미엄,선호
1091,40.0,10.0,19.0,12.0,20대,스탠다드,선호
1092,61.0,12.0,15.0,12.0,,스탠다드,선호
1093,56.0,18.0,5.0,3.0,40대이상,베이직,선호
1094,12.0,9.0,5.0,2.0,20대,베이직,선호
1095,30.0,13.0,0.0,6.0,20대,베이직,선호
1096,41.0,4.0,8.0,9.0,10대,베이직,선호
1097,63.0,7.0,17.0,12.0,30대,스탠다드,선호
1098,32.0,10.0,1.0,7.0,20대,스탠다드,선호
1099,18.0,4.0,8.0,4.0,20대,스탠다드,비선호
1100,50.0,3.0,8.0,5.0,30대,베이직,비선호
1101,60.0,7.0,13.0,11.0,20대,프리미엄,선호
1102,31.0,11.0,5.0,2.0,20대,프리미엄,선호
1103,37.0,15.0,19.0,3.0,30대,스탠다드,선호
1104,26.0,14.0,0.0,3.0,40대이상,스탠다드,선호
1105,27.0,5.0,11.0,5.0,20대,스탠다드,비선호
1106,65.0,12.0,19.0,0.0,40대이상,베이직,선호
1107,19.0,15.0,0.0,0.0,30대,베이직,선호
1108,35.0,13.0,15.0,8.0,40대이상,스탠다드,선호
1109,38.0,7.0,18.0,9.0,40대이상,베이직,선호
1110,37.0,6.0,15.0,7.0,20대,스탠다드,선호
1111,15.0,8.0,8.0,5.0,10대,프리미엄,선호
1112,30.0,6.0,9.0,3.0,20대,스탠다드,선호
1113,32.0,8.0,15.0,7.0,30대,베이직,비선호
1114,4.0,13.0,0.0,8.0,20대,스탠다드,선호
1115,77.0,6.0,11.0,13.0,30대,스탠다드,선호
1116,66.0,16.0,8.0,8.0,20대,베이직,선호
1117,38.0,10.0,10.0,3.0,20대,스탠다드,선호
1118,58.0,8.0,9.0,14.0,10대,스탠다드,선호
1119,51.0,15.0,18.0,7.0,30대,프리미엄,선호
1120,42.0,5.0,3.0,1.0,20대,스탠다드,비선호
1121,26.0,14.0,15.0,8.0,20대,프리미엄,선호
1122,42.0,17.0,9.0,5.0,30대,베이직,선호
1123,58.0,20.0,23.0,2.0,30대,스탠다드,선호
1124,41.0,5.0,9.0,4.0,20대,프리미엄,선호
1125,42.0,18.0,19.0,2.0,10대,베이직,선호
1126,54.0,6.0,8.0,3.0,10대,베이직,비선호
1127,61.0,3.0,15.0,6.0,20대,베이직,선호
1128,36.0,13.0,9.0,11.0,20대,프리미엄,선호
1129,23.0,19.0,13.0,4.0,30대,스탠다드,선호
1130,49.0,1.0,18.0,14.0,40대이상,프리미엄,선호
1131,4.0,6.0,11.0,10.0,20대,베이직,선호
1132,34.0,4.0,5.0,9.0,30대,스탠다드,비선호
1133,57.0,13.0,9.0,0.0,20대,프리미엄,선호
1134,47.0,5.0,0.0,0.0,30대,스탠다드,선호
1135,32.0,2.0,15.0,15.0,10대,스탠다드,비선호
1136,12.0,17.0,9.0,2.0,40대이상,베이직,선호
1137,37.0,5.0,9.0,19.0,40대이상,베이직,비선호
1138,61.0,13.0,11.0,5.0,10대,스탠다드,선호
1139,59.0,21.0,10.0,12.0,20대,프리미엄,선호
1140,42.0,9.0,17.0,0.0,20대,베이직,선호
1141,37.0,5.0,7.0,2.0,40대이상,스탠다드,비선호
1142,27.0,1.0,14.0,11.0,40대이상,프리미엄,비선호
1143,13.0,3.0,3.0,2.0,10대,프리미엄,비선호
1144,67.0,13.0,10.0,0.0,40대이상,프리미엄,선호
1145,47.0,2.0,27.0,10.0,20대,베이직,비선호
1146,34.0,-0.0,1.0,5.0,20대,스탠다드,비선호
1147,41.0,12.0,18.0,2.0,10대,프리미엄,비선호
1148,30.0,3.0,21.0,13.0,10대,프리미엄,비선호
1149,32.0,10.0,0.0,0.0,20대,프리미엄,선호
1150,22.0,3.0,18.0,10.0,40대이상,스탠다드,선호
1151,49.0,15.0,7.0,8.0,20대,베이직,비선호
1152,46.0,10.0,6.0,5.0,30대,프리미엄,선호
1153,38.0,8.0,12.0,7.0,20대,스탠다드,비선호
1154,27.0,20.0,17.0,13.0,30대,베이직,선호
1155,47.0,7.0,20.0,8.0,20대,베이직,비선호
1156,45.0,1.0,4.0,17.0,40대이상,프리미엄,선호
1157,75.0,0.0,6.0,10.0,20대,스탠다드,선호
1158,35.0,8.0,4.0,1.0,20대,스탠다드,비선호
1159,36.0,0.0,13.0,11.0,40대이상,스탠다드,비선호
1160,64.0,3.0,13.0,0.0,20대,스탠다드,비선호
1161,39.0,3.0,5.0,14.0,30대,프리미엄,선호
1162,54.0,5.0,3.0,5.0,30대,프리미엄,선호
1163,61.0,2.0,3.0,8.0,30대,프리미엄,비선호
1164,39.0,11.0,21.0,-0.0,20대,베이직,선호
1165,53.0,0.0,7.0,0.0,40대이상,스탠다드,비선호
1166,17.0,18.0,8.0,17.0,20대,스탠다드,선호
1167,56.0,14.0,5.0,8.0,,스탠다드,선호
1168,59.0,14.0,16.0,9.0,20대,스탠다드,선호
1169,48.0,0.0,11.0,6.0,40대이상,베이직,비선호
1170,40.0,8.0,8.0,5.0,20대,베이직,선호
1171,35.0,14.0,13.0,5.0,30대,스탠다드,선호
1172,55.0,0.0,16.0,0.0,20대,스탠다드,비선호
1173,49.0,3.0,10.0,-0.0,30대,베이직,비선호
1174,17.0,8.0,10.0,10.0,10대,베이직,선호
1175,21.0,10.0,11.0,11.0,20대,프리미엄,선호
1176,28.0,16.0,2.0,8.0,20대,스탠다드,선호
1177,18.0,17.0,12.0,10.0,30대,베이직,선호
1178,41.0,16.0,0.0,2.0,40대이상,스탠다드,선호
1179,34.0,9.0,7.0,12.0,20대,스탠다드,선호
1180,27.0,7.0,9.0,3.0,30대,스탠다드,선호
1181,23.0,6.0,14.0,1.0,20대,스탠다드,비선호
1182,64.0,0.0,2.0,14.0,30대,스탠다드,선호
1183,44.0,14.0,9.0,13.0,40대이상,베이직,선호
1184,39.0,9.0,7.0,9.0,30대,스탠다드,비선호
1185,66.0,9.0,14.0,7.0,20대,스탠다드,선호
1186,65.0,9.0,8.0,8.0,30대,스탠다드,선호
1187,21.0,1.0,9.0,0.0,20대,스탠다드,비선호
1188,41.0,0.0,10.0,6.0,30대,베이직,선호
1189,62.0,10.0,11.0,5.0,20대,베이직,선호
1190,44.0,7.0,19.0,6.0,20대,프리미엄,선호
1191,23.0,4.0,9.0,15.0,30대,프리미엄,비선호
1192,31.0,14.0,14.0,10.0,40대이상,스탠다드,선호
1193,22.0,14.0,1.0,5.0,20대,프리미엄,선호
1194,47.0,11.0,14.0,11.0,20대,베이직,선호
1195,39.0,11.0,10.0,15.0,30대,베이직,선호
1196,30.0,12.0,11.0,5.0,20대,프리미엄,선호
1197,61.0,0.0,11.0,5.0,30대,스탠다드,비선호
1198,29.0,8.0,13.0,5.0,30대,스탠다드,비선호
1199,46.0,0.0,10.0,1.0,40대이상,베이직,비선호
1200,54.0,14.0,10.0,3.0,30대,스탠다드,비선호
1201,11.0,17.0,8.0,0.0,40대이상,스탠다드,선호
1202,70.0,0.0,6.0,10.0,40대이상,스탠다드,선호
1203,39.0,8.0,10.0,12.0,30대,스탠다드,선호
1204,27.0,8.0,9.0,8.0,10대,베이직,선호
1205,17.0,18.0,16.0,0.0,30대,베이직,선호
1206,24.0,2.0,11.0,8.0,20대,프리미엄,비선호
1207,44.0,13.0,11.0,2.0,40대이상,스탠다드,선호
1208,43.0,8.0,0.0,9.0,20대,베이직,선호
1209,53.0,0.0,9.0,7.0,10대,프리미엄,비선호
1210,38.0,2.0,10.0,21.0,20대,스탠다드,선호
1211,34.0,22.0,10.0,5.0,20대,프리미엄,선호
1212,32.0,0.0,6.0,0.0,40대이상,스탠다드,비선호
1213,39.0,1.0,17.0,4.0,10대,베이직,선호
1214,35.0,14.0,12.0,7.0,10대,스탠다드,선호
1215,21.0,11.0,7.0,8.0,30대,프리미엄,선호
1216,45.0,8.0,16.0,10.0,10대,스탠다드,비선호
1217,67.0,2.0,8.0,13.0,10대,베이직,비선호
1218,36.0,8.0,0.0,10.0,30대,베이직,비선호
1219,37.0,19.0,6.0,3.0,10대,베이직,선호
1220,62.0,4.0,8.0,16.0,20대,스탠다드,비선호
1221,36.0,8.0,2.0,11.0,20대,스탠다드,선호
1222,27.0,9.0,15.0,0.0,20대,스탠다드,선호
1223,53.0,14.0,8.0,4.0,40대이상,프리미엄,선호
1224,24.0,12.0,14.0,5.0,30대,프리미엄,선호
1225,22.0,0.0,14.0,0.0,10대,스탠다드,비선호
1226,46.0,0.0,12.0,2.0,30대,스탠다드,비선호
1227,8.0,7.0,17.0,5.0,40대이상,베이직,선호
1228,50.0,12.0,3.0,3.0,30대,스탠다드,비선호
1229,54.0,8.0,11.0,16.0,20대,스탠다드,선호
1230,60.0,9.0,6.0,13.0,,스탠다드,선호
1231,40.0,5.0,8.0,0.0,30대,베이직,비선호
1232,53.0,1.0,8.0,13.0,40대이상,스탠다드,비선호
1233,49.0,17.0,4.0,2.0,20대,베이직,선호
1234,53.0,6.0,21.0,4.0,20대,베이직,선호
1235,56.0,12.0,19.0,2.0,40대이상,프리미엄,선호
1236,30.0,12.0,7.0,12.0,10대,베이직,선호
1237,46.0,3.0,19.0,7.0,10대,스탠다드,비선호
1238,46.0,6.0,10.0,9.0,10대,스탠다드,선호
1239,39.0,12.0,1.0,14.0,30대,스탠다드,선호
1240,35.0,7.0,3.0,8.0,10대,베이직,비선호
1241,43.0,-0.0,3.0,0.0,20대,스탠다드,비선호
1242,35.0,6.0,0.0,4.0,10대,베이직,비선호
1243,23.0,-0.0,18.0,0.0,40대이상,스탠다드,비선호
1244,57.0,18.0,20.0,0.0,20대,베이직,선호
1245,40.0,17.0,1.0,2.0,30대,스탠다드,선호
1246,36.0,10.0,6.0,0.0,10대,스탠다드,비선호
1247,38.0,11.0,4.0,5.0,20대,스탠다드,비선호
1248,42.0,14.0,1.0,5.0,20대,프리미엄,선호
1249,27.0,12.0,7.0,5.0,30대,스탠다드,선호
1250,22.0,11.0,8.0,1.0,30대,베이직,선호
1251,39.0,0.0,19.0,6.0,20대,베이직,비선호
1252,63.0,15.0,18.0,7.0,20대,베이직,선호
1253,30.0,7.0,6.0,0.0,30대,프리미엄,비선호
1254,41.0,1.0,0.0,7.0,20대,스탠다드,비선호
1255,55.0,5.0,15.0,5.0,10대,베이직,선호
1256,20.0,4.0,17.0,13.0,20대,스탠다드,비선호
1257,73.0,12.0,2.0,8.0,20대,스탠다드,선호
1258,52.0,4.0,15.0,0.0,30대,베이직,선호
1259,16.0,6.0,10.0,6.0,30대,베이직,선호
1260,28.0,4.0,3.0,12.0,30대,프리미엄,선호
1261,62.0,12.0,10.0,5.0,20대,베이직,선호
1262,49.0,1.0,7.0,0.0,20대,베이직,선호
1263,58.0,10.0,16.0,7.0,20대,베이직,선호
1264,38.0,12.0,4.0,9.0,30대,스탠다드,선호
1265,26.0,5.0,7.0,10.0,10대,베이직,선호
1266,30.0,2.0,4.0,16.0,20대,프리미엄,비선호
1267,35.0,11.0,18.0,4.0,20대,스탠다드,선호
1268,24.0,4.0,5.0,7.0,30대,베이직,선호
1269,53.0,7.0,25.0,3.0,30대,베이직,선호
1270,54.0,16.0,1.0,0.0,20대,프리미엄,선호
1271,63.0,16.0,15.0,0.0,,스탠다드,선호
1272,40.0,0.0,11.0,0.0,40대이상,베이직,비선호
1273,49.0,-0.0,3.0,6.0,10대,베이직,비선호
1274,54.0,9.0,17.0,0.0,20대,베이직,선호
1275,32.0,12.0,12.0,1.0,20대,프리미엄,선호
1276,17.0,11.0,12.0,5.0,30대,프리미엄,선호
1277,24.0,16.0,25.0,0.0,30대,스탠다드,선호
1278,42.0,14.0,14.0,4.0,20대,프리미엄,선호
1279,27.0,9.0,6.0,0.0,10대,스탠다드,비선호
1280,54.0,7.0,2.0,9.0,20대,스탠다드,선호
1281,40.0,10.0,8.0,8.0,10대,스탠다드,선호
1282,47.0,0.0,9.0,6.0,10대,스탠다드,비선호
1283,54.0,7.0,13.0,9.0,30대,프리미엄,선호
1284,67.0,7.0,1.0,1.0,30대,베이직,비선호
1285,28.0,8.0,11.0,9.0,20대,베이직,선호
1286,36.0,6.0,7.0,16.0,30대,스탠다드,비선호
1287,40.0,22.0,21.0,9.0,30대,베이직,선호
1288,39.0,13.0,0.0,0.0,10대,베이직,선호
1289,26.0,8.0,8.0,3.0,40대이상,프리미엄,선호
1290,43.0,6.0,21.0,7.0,30대,프리미엄,비선호
1291,65.0,8.0,0.0,3.0,30대,스탠다드,선호
1292,40.0,9.0,9.0,1.0,20대,스탠다드,선호
1293,16.0,0.0,10.0,10.0,30대,베이직,비선호
1294,36.0,13.0,18.0,0.0,10대,스탠다드,선호
1295,10.0,7.0,19.0,5.0,30대,스탠다드,비선호
1296,44.0,14.0,14.0,12.0,30대,베이직,선호
1297,47.0,14.0,22.0,1.0,20대,스탠다드,선호
1298,11.0,5.0,7.0,12.0,20대,프리미엄,선호
1299,43.0,10.0,28.0,14.0,20대,베이직,선호
1300,18.0,1.0,3.0,2.0,30대,프리미엄,비선호
1301,33.0,0.0,23.0,-0.0,30대,베이직,비선호
1302,38.0,11.0,8.0,6.0,30대,프리미엄,비선호
1303,52.0,9.0,7.0,14.0,10대,스탠다드,선호
1304,23.0,12.0,12.0,6.0,20대,베이직,선호
1305,56.0,0.0,6.0,16.0,30대,베이직,비선호
1306,44.0,5.0,20.0,5.0,20대,베이직,비선호
1307,41.0,9.0,16.0,0.0,40대이상,프리미엄,선호
1308,85.0,6.0,1.0,13.0,20대,스탠다드,선호
1309,46.0,8.0,14.0,3.0,10대,베이직,선호
1310,54.0,13.0,7.0,11.0,20대,스탠다드,선호
1311,43.0,2.0,27.0,1.0,10대,프리미엄,비선호
1312,31.0,13.0,0.0,10.0,10대,프리미엄,선호
1313,70.0,7.0,2.0,0.0,40대이상,베이직,선호
1314,22.0,0.0,16.0,0.0,30대,베이직,비선호
1315,37.0,8.0,25.0,10.0,20대,베이직,선호
1316,51.0,9.0,6.0,0.0,30대,프리미엄,선호
1317,18.0,17.0,12.0,18.0,30대,스탠다드,선호
1318,20.0,2.0,12.0,7.0,30대,스탠다드,선호
1319,38.0,14.0,14.0,5.0,30대,베이직,선호
1320,23.0,1.0,11.0,8.0,30대,스탠다드,비선호
1321,44.0,5.0,7.0,2.0,20대,스탠다드,비선호
1322,48.0,22.0,6.0,18.0,30대,스탠다드,선호
1323,13.0,18.0,1.0,4.0,20대,베이직,비선호
1324,38.0,0.0,18.0,6.0,20대,스탠다드,비선호
1325,51.0,8.0,12.0,8.0,10대,스탠다드,선호
1326,41.0,14.0,9.0,13.0,10대,스탠다드,선호
1327,23.0,0.0,9.0,12.0,10대,베이직,비선호
1328,38.0,7.0,0.0,0.0,40대이상,스탠다드,비선호
1329,32.0,9.0,3.0,7.0,10대,베이직,선호
1330,0.0,3.0,-0.0,5.0,20대,스탠다드,비선호
1331,18.0,0.0,21.0,9.0,20대,스탠다드,선호
1332,51.0,5.0,1.0,4.0,10대,스탠다드,선호
1333,55.0,8.0,11.0,11.0,20대,베이직,선호
1334,32.0,6.0,19.0,5.0,20대,베이직,선호
1335,8.0,14.0,15.0,3.0,20대,프리미엄,선호
1336,47.0,5.0,11.0,6.0,20대,베이직,선호
1337,36.0,21.0,12.0,9.0,20대,프리미엄,선호
1338,34.0,13.0,2.0,10.0,10대,스탠다드,선호
1339,22.0,16.0,19.0,9.0,20대,스탠다드,선호
1340,54.0,9.0,8.0,8.0,20대,프리미엄,비선호
1341,36.0,16.0,8.0,10.0,40대이상,베이직,선호
1342,31.0,8.0,5.0,5.0,30대,베이직,선호
1343,56.0,6.0,5.0,11.0,20대,스탠다드,선호
1344,69.0,0.0,13.0,0.0,20대,베이직,비선호
1345,62.0,7.0,3.0,7.0,20대,프리미엄,비선호
1346,30.0,11.0,22.0,6.0,10대,스탠다드,비선호
1347,40.0,7.0,16.0,3.0,30대,프리미엄,선호
1348,43.0,6.0,1.0,2.0,30대,베이직,비선호
1349,40.0,5.0,27.0,5.0,30대,베이직,비선호
1350,26.0,2.0,0.0,3.0,20대,스탠다드,비선호
1351,30.0,5.0,0.0,10.0,30대,베이직,비선호
1352,35.0,3.0,11.0,17.0,20대,베이직,비선호
1353,54.0,22.0,7.0,8.0,30대,베이직,선호
1354,11.0,1.0,11.0,7.0,10대,프리미엄,비선호
1355,52.0,16.0,10.0,2.0,40대이상,스탠다드,선호
1356,35.0,17.0,15.0,1.0,10대,스탠다드,선호
1357,35.0,4.0,10.0,5.0,20대,베이직,비선호
1358,43.0,6.0,10.0,8.0,20대,스탠다드,선호
1359,39.0,3.0,9.0,2.0,10대,베이직,비선호
1360,28.0,0.0,20.0,7.0,30대,베이직,비선호
1361,24.0,17.0,6.0,1.0,10대,프리미엄,선호
1362,42.0,9.0,4.0,0.0,30대,베이직,비선호
1363,30.0,21.0,4.0,10.0,30대,스탠다드,선호
1364,32.0,6.0,16.0,0.0,20대,베이직,비선호
1365,52.0,0.0,8.0,2.0,30대,스탠다드,비선호
1366,25.0,6.0,0.0,9.0,10대,베이직,선호
1367,36.0,4.0,6.0,13.0,20대,베이직,선호
1368,35.0,11.0,5.0,3.0,20대,베이직,선호
1369,49.0,0.0,18.0,2.0,10대,베이직,비선호
1370,24.0,6.0,4.0,12.0,,베이직,비선호
1371,31.0,15.0,5.0,9.0,20대,베이직,선호
1372,28.0,10.0,5.0,11.0,20대,프리미엄,비선호
1373,40.0,6.0,6.0,11.0,20대,스탠다드,선호
1374,40.0,12.0,9.0,2.0,30대,베이직,선호
1375,24.0,7.0,11.0,-0.0,40대이상,베이직,비선호
1376,57.0,10.0,18.0,6.0,40대이상,베이직,선호
1377,36.0,13.0,22.0,7.0,20대,프리미엄,선호
1378,50.0,6.0,0.0,11.0,30대,베이직,비선호
1379,62.0,9.0,12.0,11.0,20대,베이직,선호
1380,29.0,5.0,1.0,7.0,20대,스탠다드,비선호
1381,18.0,4.0,0.0,9.0,30대,스탠다드,비선호
1382,45.0,16.0,5.0,3.0,20대,베이직,선호
1383,41.0,14.0,14.0,7.0,30대,스탠다드,비선호
1384,59.0,6.0,8.0,4.0,30대,스탠다드,선호
1385,57.0,12.0,17.0,3.0,40대이상,프리미엄,선호
1386,55.0,15.0,11.0,3.0,10대,스탠다드,선호
1387,50.0,8.0,4.0,3.0,10대,스탠다드,선호
1388,23.0,0.0,12.0,0.0,20대,프리미엄,비선호
1389,31.0,9.0,0.0,4.0,10대,베이직,선호
1390,29.0,16.0,24.0,19.0,30대,베이직,선호
1391,59.0,8.0,9.0,5.0,20대,베이직,선호
1392,43.0,5.0,7.0,6.0,40대이상,베이직,비선호
1393,3.0,2.0,8.0,8.0,20대,스탠다드,비선호
1394,55.0,13.0,16.0,8.0,30대,스탠다드,선호
1395,9.0,8.0,-0.0,5.0,20대,베이직,선호
1396,24.0,4.0,13.0,7.0,30대,베이직,비선호
1397,46.0,14.0,4.0,8.0,10대,베이직,선호
1398,62.0,8.0,22.0,0.0,30대,베이직,비선호
1399,32.0,12.0,16.0,5.0,30대,프리미엄,선호
1400,36.0,4.0,13.0,9.0,30대,베이직,비선호
1401,77.0,5.0,5.0,7.0,40대이상,프리미엄,선호
1402,46.0,13.0,10.0,15.0,20대,베이직,선호
1403,26.0,17.0,9.0,3.0,40대이상,스탠다드,선호
1404,28.0,19.0,15.0,10.0,30대,스탠다드,선호
1405,37.0,11.0,6.0,5.0,10대,프리미엄,선호
1406,14.0,10.0,4.0,4.0,30대,스탠다드,선호
1407,17.0,5.0,10.0,4.0,10대,베이직,선호
1408,25.0,12.0,8.0,9.0,,베이직,선호
1409,46.0,6.0,1.0,2.0,30대,프리미엄,비선호
1410,53.0,5.0,14.0,6.0,20대,베이직,선호
1411,38.0,9.0,7.0,9.0,30대,스탠다드,비선호
1412,46.0,8.0,13.0,9.0,20대,베이직,비선호
1413,29.0,13.0,10.0,6.0,30대,베이직,선호
1414,48.0,12.0,18.0,14.0,40대이상,베이직,선호
1415,39.0,12.0,0.0,12.0,20대,베이직,선호
1416,32.0,17.0,11.0,5.0,30대,프리미엄,선호
1417,41.0,14.0,8.0,-0.0,20대,베이직,비선호
1418,47.0,13.0,11.0,10.0,20대,프리미엄,선호
1419,43.0,12.0,1.0,14.0,40대이상,스탠다드,선호
1420,46.0,0.0,15.0,11.0,30대,베이직,비선호
1421,42.0,9.0,17.0,0.0,10대,스탠다드,선호
1422,41.0,19.0,4.0,2.0,20대,프리미엄,비선호
1423,32.0,16.0,18.0,0.0,20대,스탠다드,선호
1424,56.0,6.0,-0.0,3.0,20대,스탠다드,선호
1425,54.0,3.0,10.0,7.0,20대,베이직,비선호
1426,42.0,1.0,24.0,8.0,20대,베이직,비선호
1427,49.0,12.0,11.0,9.0,10대,스탠다드,선호
1428,39.0,15.0,11.0,8.0,10대,스탠다드,선호
1429,26.0,2.0,4.0,21.0,30대,베이직,비선호
1430,10.0,1.0,20.0,17.0,10대,스탠다드,비선호
1431,32.0,5.0,3.0,8.0,40대이상,스탠다드,비선호
1432,36.0,6.0,10.0,9.0,30대,프리미엄,비선호
1433,44.0,20.0,12.0,11.0,20대,베이직,선호
1434,51.0,16.0,15.0,14.0,10대,베이직,선호
1435,52.0,12.0,25.0,7.0,10대,프리미엄,선호
1436,21.0,14.0,8.0,4.0,30대,베이직,선호
1437,38.0,4.0,13.0,4.0,30대,베이직,선호
1438,22.0,10.0,10.0,1.0,40대이상,스탠다드,선호
1439,60.0,10.0,13.0,11.0,,스탠다드,선호
1440,60.0,7.0,6.0,11.0,30대,프리미엄,선호
1441,25.0,15.0,5.0,-0.0,30대,스탠다드,선호
1442,34.0,3.0,18.0,12.0,40대이상,프리미엄,선호
1443,51.0,2.0,12.0,8.0,30대,베이직,선호
1444,40.0,15.0,3.0,8.0,10대,베이직,선호
1445,38.0,2.0,15.0,4.0,20대,스탠다드,선호
1446,54.0,16.0,5.0,12.0,20대,스탠다드,선호
1447,13.0,1.0,7.0,9.0,10대,스탠다드,비선호
1448,10.0,13.0,13.0,11.0,10대,프리미엄,선호
1449,45.0,13.0,12.0,4.0,40대이상,베이직,선호
1450,44.0,10.0,13.0,1.0,10대,스탠다드,선호
1451,40.0,0.0,6.0,1.0,20대,프리미엄,비선호
1452,23.0,1.0,11.0,2.0,20대,스탠다드,비선호
1453,10.0,11.0,6.0,6.0,40대이상,베이직,선호
1454,32.0,5.0,18.0,8.0,30대,스탠다드,선호
1455,36.0,4.0,17.0,9.0,40대이상,프리미엄,비선호
1456,41.0,15.0,19.0,4.0,30대,프리미엄,선호
1457,27.0,4.0,1.0,6.0,20대,프리미엄,선호
1458,47.0,2.0,16.0,4.0,10대,베이직,비선호
1459,74.0,12.0,15.0,7.0,20대,스탠다드,선호
1460,58.0,7.0,5.0,3.0,10대,스탠다드,비선호
1461,45.0,17.0,13.0,11.0,40대이상,프리미엄,선호
1462,33.0,10.0,10.0,0.0,10대,베이직,비선호
1463,56.0,8.0,6.0,9.0,20대,프리미엄,선호
1464,22.0,10.0,12.0,7.0,30대,스탠다드,비선호
1465,54.0,0.0,14.0,10.0,30대,스탠다드,비선호
1466,44.0,8.0,9.0,2.0,20대,베이직,선호
1467,52.0,16.0,0.0,0.0,20대,스탠다드,선호
1468,32.0,7.0,7.0,0.0,20대,베이직,선호
1469,6.0,5.0,15.0,6.0,20대,프리미엄,선호
1470,35.0,6.0,18.0,0.0,20대,프리미엄,선호
1471,51.0,8.0,9.0,3.0,20대,스탠다드,선호
1472,29.0,6.0,6.0,10.0,30대,베이직,선호
1473,62.0,6.0,17.0,0.0,20대,베이직,비선호
1474,46.0,15.0,15.0,0.0,,베이직,선호
1475,42.0,4.0,13.0,2.0,40대이상,스탠다드,비선호
1476,59.0,16.0,10.0,0.0,30대,베이직,선호
1477,39.0,20.0,13.0,5.0,10대,베이직,선호
1478,57.0,12.0,20.0,2.0,40대이상,베이직,선호
1479,26.0,14.0,20.0,13.0,20대,스탠다드,선호
1480,44.0,22.0,8.0,8.0,40대이상,베이직,선호
1481,55.0,14.0,9.0,4.0,20대,스탠다드,선호
1482,26.0,4.0,11.0,3.0,20대,베이직,비선호
1483,19.0,7.0,10.0,10.0,20대,베이직,선호
1484,45.0,1.0,13.0,2.0,10대,스탠다드,선호
1485,28.0,14.0,20.0,5.0,10대,베이직,선호
1486,64.0,10.0,10.0,14.0,40대이상,스탠다드,선호
1487,45.0,8.0,14.0,8.0,20대,프리미엄,선호
1488,69.0,13.0,0.0,9.0,20대,스탠다드,선호
1489,66.0,2.0,13.0,4.0,30대,베이직,비선호
1490,34.0,8.0,9.0,6.0,30대,베이직,선호
1491,16.0,9.0,15.0,5.0,30대,스탠다드,선호
1492,58.0,16.0,9.0,7.0,20대,베이직,선호
1493,34.0,6.0,7.0,10.0,20대,베이직,선호
1494,27.0,11.0,3.0,2.0,20대,베이직,비선호
1495,24.0,14.0,2.0,0.0,20대,프리미엄,비선호
1496,23.0,14.0,11.0,7.0,20대,베이직,선호
1497,50.0,15.0,15.0,0.0,,스탠다드,선호
1498,40.0,7.0,14.0,3.0,30대,스탠다드,선호
1499,54.0,0.0,0.0,1.0,20대,베이직,비선호
1500,49.0,4.0,17.0,0.0,40대이상,베이직,선호
1501,36.0,18.0,16.0,11.0,30대,프리미엄,선호
1502,45.0,1.0,4.0,3.0,10대,스탠다드,선호
1503,17.0,2.0,17.0,2.0,40대이상,스탠다드,비선호
1504,30.0,2.0,19.0,7.0,40대이상,스탠다드,비선호
1505,55.0,4.0,9.0,7.0,40대이상,프리미엄,선호
1506,36.0,10.0,3.0,7.0,30대,프리미엄,비선호
1507,34.0,6.0,17.0,2.0,40대이상,스탠다드,비선호
1508,65.0,4.0,14.0,4.0,20대,프리미엄,비선호
1509,41.0,14.0,3.0,12.0,30대,베이직,선호
1510,50.0,1.0,14.0,15.0,20대,스탠다드,비선호
1511,44.0,16.0,12.0,23.0,30대,베이직,선호
1512,20.0,12.0,25.0,1.0,10대,스탠다드,선호
1513,39.0,1.0,10.0,4.0,,베이직,선호
1514,26.0,15.0,14.0,0.0,20대,베이직,선호
1515,26.0,12.0,15.0,3.0,30대,스탠다드,선호
1516,36.0,0.0,20.0,7.0,30대,베이직,비선호
1517,40.0,8.0,-0.0,0.0,30대,베이직,선호
1518,42.0,0.0,0.0,6.0,10대,스탠다드,비선호
1519,43.0,17.0,1.0,0.0,20대,스탠다드,선호
1520,41.0,15.0,0.0,0.0,30대,베이직,선호
1521,50.0,8.0,16.0,13.0,10대,스탠다드,비선호
1522,46.0,6.0,11.0,0.0,20대,스탠다드,선호
1523,64.0,9.0,4.0,8.0,10대,스탠다드,선호
1524,23.0,4.0,6.0,2.0,30대,프리미엄,선호
1525,57.0,3.0,1.0,14.0,30대,스탠다드,선호
1526,48.0,6.0,2.0,3.0,10대,베이직,비선호
1527,21.0,1.0,10.0,0.0,30대,스탠다드,비선호
1528,37.0,5.0,21.0,7.0,30대,스탠다드,비선호
1529,84.0,5.0,0.0,16.0,20대,스탠다드,비선호
1530,50.0,3.0,3.0,15.0,30대,베이직,비선호
1531,25.0,8.0,13.0,5.0,,베이직,비선호
1532,35.0,6.0,15.0,7.0,20대,스탠다드,선호
1533,61.0,14.0,17.0,-0.0,10대,베이직,선호
1534,40.0,12.0,22.0,2.0,30대,베이직,선호
1535,46.0,5.0,14.0,0.0,10대,스탠다드,비선호
1536,42.0,0.0,13.0,9.0,40대이상,프리미엄,비선호
1537,42.0,0.0,0.0,0.0,,스탠다드,선호
1538,55.0,11.0,0.0,15.0,30대,프리미엄,선호
1539,38.0,6.0,6.0,4.0,10대,스탠다드,선호
1540,34.0,8.0,15.0,8.0,20대,프리미엄,선호
1541,49.0,18.0,28.0,6.0,30대,스탠다드,선호
1542,67.0,1.0,16.0,4.0,40대이상,프리미엄,비선호
1543,47.0,0.0,24.0,9.0,40대이상,베이직,비선호
1544,18.0,12.0,10.0,0.0,10대,베이직,선호
1545,52.0,3.0,20.0,11.0,10대,베이직,선호
1546,30.0,18.0,13.0,2.0,20대,스탠다드,선호
1547,48.0,10.0,20.0,1.0,20대,스탠다드,선호
1548,23.0,15.0,10.0,0.0,40대이상,베이직,선호
1549,46.0,0.0,13.0,3.0,10대,베이직,비선호
1550,44.0,10.0,11.0,7.0,20대,베이직,선호
1551,60.0,11.0,17.0,2.0,30대,스탠다드,선호
1552,49.0,0.0,0.0,12.0,30대,스탠다드,선호
1553,45.0,3.0,5.0,11.0,40대이상,베이직,비선호
1554,50.0,6.0,9.0,11.0,20대,스탠다드,선호
1555,47.0,4.0,9.0,1.0,20대,프리미엄,비선호
1556,35.0,0.0,0.0,0.0,30대,베이직,비선호
1557,78.0,2.0,0.0,13.0,40대이상,프리미엄,비선호
1558,13.0,12.0,22.0,14.0,30대,스탠다드,비선호
1559,27.0,10.0,1.0,0.0,30대,베이직,선호
1560,31.0,15.0,20.0,6.0,20대,베이직,선호
1561,62.0,16.0,16.0,10.0,30대,프리미엄,선호
1562,53.0,4.0,5.0,11.0,30대,스탠다드,비선호
1563,42.0,9.0,6.0,11.0,20대,스탠다드,선호
1564,26.0,12.0,21.0,1.0,30대,스탠다드,선호
1565,63.0,5.0,11.0,0.0,20대,베이직,선호
1566,47.0,15.0,19.0,7.0,20대,베이직,선호
1567,38.0,0.0,2.0,2.0,10대,스탠다드,비선호
1568,56.0,8.0,11.0,1.0,10대,스탠다드,비선호
1569,37.0,6.0,7.0,6.0,20대,베이직,선호
1570,53.0,7.0,13.0,12.0,,스탠다드,선호
1571,32.0,11.0,9.0,4.0,30대,베이직,선호
1572,45.0,9.0,21.0,9.0,10대,스탠다드,비선호
1573,38.0,12.0,6.0,7.0,10대,베이직,선호
1574,44.0,6.0,9.0,9.0,10대,베이직,선호
1575,38.0,2.0,0.0,5.0,30대,베이직,비선호
1576,85.0,4.0,10.0,2.0,20대,베이직,비선호
1577,22.0,15.0,11.0,-0.0,10대,스탠다드,비선호
1578,31.0,12.0,0.0,8.0,20대,스탠다드,선호
1579,30.0,-0.0,17.0,5.0,20대,스탠다드,비선호
1580,21.0,11.0,11.0,8.0,40대이상,스탠다드,선호
1581,36.0,4.0,18.0,0.0,40대이상,베이직,선호
1582,39.0,4.0,10.0,-0.0,30대,베이직,선호
1583,49.0,11.0,3.0,3.0,20대,스탠다드,선호
1584,28.0,0.0,15.0,0.0,,베이직,비선호
1585,75.0,5.0,25.0,3.0,10대,베이직,비선호
1586,18.0,5.0,7.0,6.0,10대,베이직,선호
1587,45.0,-0.0,7.0,13.0,30대,베이직,비선호
1588,29.0,0.0,9.0,7.0,40대이상,베이직,비선호
1589,31.0,18.0,8.0,5.0,30대,베이직,선호
1590,12.0,13.0,14.0,9.0,30대,베이직,선호
1591,21.0,3.0,6.0,8.0,10대,스탠다드,비선호
1592,56.0,4.0,7.0,5.0,20대,프리미엄,선호
1593,31.0,3.0,11.0,13.0,20대,베이직,선호
1594,45.0,19.0,7.0,6.0,40대이상,스탠다드,선호
1595,39.0,8.0,7.0,11.0,30대,프리미엄,선호
1596,6.0,9.0,9.0,1.0,20대,베이직,선호
1597,42.0,10.0,11.0,9.0,40대이상,스탠다드,선호
1598,40.0,15.0,13.0,6.0,30대,베이직,선호
1599,64.0,3.0,13.0,15.0,10대,프리미엄,비선호
1600,37.0,3.0,1.0,1.0,30대,스탠다드,비선호
1601,31.0,5.0,0.0,6.0,20대,베이직,비선호
1602,46.0,1.0,10.0,0.0,20대,베이직,선호
1603,53.0,14.0,9.0,2.0,30대,스탠다드,선호
1604,50.0,4.0,7.0,0.0,30대,프리미엄,선호
1605,38.0,11.0,13.0,10.0,30대,베이직,선호
1606,54.0,2.0,2.0,3.0,40대이상,베이직,선호
1607,36.0,15.0,11.0,7.0,20대,프리미엄,선호
1608,21.0,-0.0,16.0,8.0,20대,스탠다드,비선호
1609,25.0,11.0,13.0,2.0,30대,스탠다드,비선호
1610,74.0,0.0,22.0,2.0,30대,베이직,비선호
1611,18.0,0.0,11.0,0.0,10대,스탠다드,비선호
1612,25.0,4.0,0.0,0.0,30대,스탠다드,선호
1613,24.0,11.0,6.0,-0.0,20대,스탠다드,선호
1614,51.0,6.0,12.0,6.0,10대,베이직,선호
1615,35.0,18.0,14.0,5.0,10대,스탠다드,선호
1616,10.0,10.0,20.0,3.0,30대,베이직,선호
1617,0.0,8.0,16.0,11.0,30대,프리미엄,선호
1618,35.0,10.0,22.0,9.0,10대,스탠다드,선호
1619,50.0,0.0,12.0,2.0,20대,베이직,비선호
1620,38.0,21.0,4.0,5.0,40대이상,프리미엄,선호
1621,22.0,9.0,13.0,10.0,40대이상,스탠다드,선호
1622,21.0,11.0,18.0,9.0,30대,베이직,선호
1623,43.0,10.0,12.0,13.0,30대,스탠다드,선호
1624,52.0,3.0,18.0,11.0,10대,스탠다드,선호
1625,59.0,11.0,6.0,6.0,20대,스탠다드,선호
1626,33.0,0.0,6.0,2.0,20대,프리미엄,비선호
1627,45.0,6.0,8.0,3.0,10대,스탠다드,선호
1628,1.0,6.0,28.0,2.0,20대,스탠다드,비선호
1629,30.0,10.0,5.0,7.0,10대,프리미엄,선호
1630,35.0,3.0,0.0,5.0,30대,프리미엄,비선호
1631,61.0,1.0,13.0,12.0,10대,스탠다드,비선호
1632,31.0,9.0,17.0,-0.0,40대이상,베이직,비선호
1633,45.0,15.0,2.0,11.0,30대,스탠다드,선호
1634,43.0,2.0,3.0,7.0,30대,스탠다드,비선호
1635,52.0,23.0,16.0,4.0,40대이상,스탠다드,선호
1636,69.0,0.0,14.0,1.0,40대이상,프리미엄,비선호
1637,19.0,14.0,20.0,8.0,,스탠다드,선호
1638,27.0,14.0,12.0,1.0,30대,스탠다드,비선호
1639,28.0,17.0,5.0,8.0,20대,베이직,선호
1640,39.0,12.0,1.0,5.0,10대,베이직,선호
1641,34.0,5.0,13.0,8.0,20대,스탠다드,선호
1642,24.0,8.0,13.0,6.0,30대,프리미엄,선호
1643,35.0,10.0,9.0,8.0,30대,스탠다드,선호
1644,32.0,4.0,18.0,9.0,30대,베이직,비선호
1645,27.0,15.0,19.0,0.0,30대,베이직,선호
1646,62.0,6.0,2.0,7.0,20대,베이직,선호
1647,46.0,12.0,9.0,4.0,20대,베이직,비선호
1648,42.0,16.0,15.0,3.0,10대,스탠다드,선호
1649,51.0,4.0,14.0,6.0,40대이상,베이직,비선호
1650,54.0,8.0,9.0,8.0,20대,베이직,선호
1651,26.0,3.0,5.0,4.0,20대,스탠다드,비선호
1652,47.0,18.0,4.0,12.0,20대,프리미엄,선호
1653,20.0,4.0,17.0,1.0,40대이상,프리미엄,선호
1654,31.0,7.0,16.0,0.0,30대,베이직,비선호
1655,52.0,13.0,6.0,11.0,20대,스탠다드,선호
1656,22.0,4.0,14.0,7.0,20대,스탠다드,비선호
1657,57.0,7.0,1.0,0.0,20대,스탠다드,선호
1658,64.0,0.0,10.0,8.0,,프리미엄,비선호
1659,50.0,7.0,16.0,6.0,10대,스탠다드,선호
1660,34.0,1.0,11.0,4.0,40대이상,프리미엄,비선호
1661,33.0,4.0,7.0,4.0,30대,프리미엄,선호
1662,22.0,0.0,16.0,5.0,30대,프리미엄,비선호
1663,45.0,15.0,4.0,14.0,30대,베이직,선호
1664,60.0,8.0,0.0,3.0,30대,프리미엄,선호
1665,22.0,3.0,13.0,6.0,30대,베이직,비선호
1666,30.0,4.0,7.0,4.0,20대,베이직,비선호
1667,66.0,18.0,0.0,7.0,10대,프리미엄,선호
1668,34.0,20.0,0.0,0.0,30대,스탠다드,선호
1669,29.0,3.0,12.0,2.0,20대,스탠다드,비선호
1670,42.0,9.0,8.0,15.0,30대,프리미엄,선호
1671,54.0,15.0,10.0,0.0,30대,스탠다드,선호
1672,46.0,16.0,17.0,3.0,30대,스탠다드,선호
1673,46.0,2.0,3.0,8.0,20대,스탠다드,비선호
1674,19.0,0.0,10.0,10.0,30대,베이직,비선호
1675,60.0,17.0,4.0,0.0,10대,베이직,선호
1676,62.0,5.0,10.0,14.0,20대,베이직,선호
1677,39.0,12.0,2.0,13.0,10대,베이직,선호
1678,49.0,5.0,15.0,3.0,40대이상,프리미엄,비선호
1679,16.0,13.0,16.0,1.0,20대,베이직,선호
1680,27.0,9.0,0.0,11.0,20대,스탠다드,선호
1681,39.0,5.0,7.0,12.0,20대,프리미엄,비선호
1682,34.0,6.0,7.0,5.0,30대,프리미엄,선호
1683,68.0,6.0,14.0,8.0,20대,스탠다드,선호
1684,32.0,9.0,15.0,6.0,20대,베이직,선호
1685,37.0,9.0,20.0,9.0,20대,베이직,비선호
1686,35.0,2.0,0.0,0.0,40대이상,스탠다드,비선호
1687,43.0,10.0,5.0,6.0,30대,스탠다드,선호
1688,27.0,18.0,14.0,4.0,20대,베이직,선호
1689,35.0,12.0,1.0,5.0,20대,스탠다드,선호
1690,34.0,14.0,8.0,1.0,30대,스탠다드,선호
1691,49.0,0.0,9.0,3.0,20대,스탠다드,비선호
1692,72.0,9.0,16.0,5.0,10대,베이직,선호
1693,56.0,10.0,4.0,3.0,20대,베이직,선호
1694,41.0,5.0,13.0,5.0,20대,베이직,선호
1695,43.0,-0.0,9.0,4.0,40대이상,베이직,선호
1696,54.0,15.0,12.0,7.0,30대,베이직,선호
1697,38.0,11.0,0.0,0.0,30대,프리미엄,선호
1698,40.0,8.0,12.0,16.0,30대,프리미엄,선호
1699,53.0,5.0,25.0,4.0,20대,스탠다드,비선호
1700,49.0,3.0,15.0,11.0,30대,베이직,선호
1701,50.0,3.0,16.0,2.0,20대,스탠다드,비선호
1702,30.0,12.0,0.0,-0.0,40대이상,베이직,비선호
1703,44.0,2.0,15.0,15.0,10대,프리미엄,비선호
1704,28.0,11.0,11.0,14.0,30대,베이직,선호
1705,63.0,14.0,1.0,14.0,40대이상,스탠다드,선호
1706,48.0,7.0,13.0,2.0,30대,프리미엄,선호
1707,11.0,9.0,13.0,9.0,20대,스탠다드,비선호
1708,37.0,1.0,9.0,3.0,20대,스탠다드,비선호
1709,44.0,9.0,0.0,5.0,10대,스탠다드,선호
1710,40.0,2.0,14.0,10.0,30대,베이직,비선호
1711,45.0,13.0,12.0,18.0,30대,스탠다드,선호
1712,37.0,0.0,9.0,1.0,40대이상,프리미엄,비선호
1713,61.0,7.0,18.0,0.0,20대,베이직,선호
1714,60.0,21.0,27.0,5.0,20대,프리미엄,선호
1715,31.0,4.0,18.0,0.0,40대이상,프리미엄,비선호
1716,74.0,2.0,5.0,7.0,10대,베이직,비선호
1717,50.0,14.0,0.0,7.0,10대,베이직,선호
1718,15.0,0.0,1.0,1.0,20대,베이직,비선호
1719,41.0,8.0,13.0,1.0,20대,베이직,비선호
1720,47.0,17.0,0.0,3.0,20대,베이직,선호
1721,31.0,9.0,18.0,8.0,30대,베이직,비선호
1722,32.0,4.0,7.0,0.0,10대,베이직,선호
1723,54.0,19.0,0.0,16.0,30대,베이직,선호
1724,44.0,5.0,2.0,7.0,30대,스탠다드,비선호
1725,0.0,4.0,13.0,1.0,30대,스탠다드,선호
1726,32.0,1.0,9.0,17.0,20대,스탠다드,선호
1727,35.0,8.0,17.0,6.0,20대,스탠다드,선호
1728,33.0,20.0,8.0,-0.0,30대,베이직,선호
1729,58.0,8.0,0.0,0.0,30대,프리미엄,선호
1730,26.0,22.0,21.0,5.0,10대,스탠다드,선호
1731,46.0,12.0,11.0,-0.0,20대,프리미엄,선호
1732,58.0,21.0,4.0,8.0,20대,베이직,선호
1733,33.0,10.0,18.0,8.0,20대,스탠다드,선호
1734,27.0,7.0,1.0,13.0,20대,베이직,비선호
1735,66.0,0.0,7.0,6.0,30대,스탠다드,선호
1736,39.0,14.0,1.0,3.0,20대,스탠다드,선호
1737,9.0,8.0,17.0,5.0,20대,스탠다드,선호
1738,61.0,0.0,1.0,6.0,30대,베이직,선호
1739,63.0,16.0,0.0,6.0,30대,프리미엄,선호
1740,60.0,1.0,17.0,0.0,40대이상,프리미엄,비선호
1741,25.0,14.0,21.0,9.0,10대,베이직,선호
1742,80.0,0.0,14.0,15.0,40대이상,프리미엄,비선호
1743,43.0,9.0,16.0,0.0,20대,프리미엄,선호
1744,70.0,8.0,0.0,6.0,40대이상,베이직,선호
1745,31.0,9.0,11.0,5.0,10대,베이직,선호
1746,36.0,5.0,8.0,9.0,30대,베이직,선호
1747,45.0,0.0,16.0,10.0,40대이상,프리미엄,비선호
1748,8.0,-0.0,10.0,11.0,10대,베이직,비선호
1749,33.0,1.0,14.0,3.0,30대,프리미엄,비선호
1750,32.0,1.0,9.0,2.0,20대,스탠다드,비선호
1751,45.0,17.0,14.0,3.0,30대,스탠다드,선호
1752,45.0,10.0,22.0,0.0,10대,스탠다드,비선호
1753,24.0,14.0,13.0,5.0,20대,스탠다드,선호
1754,6.0,15.0,5.0,3.0,10대,베이직,선호
1755,21.0,19.0,10.0,11.0,30대,스탠다드,선호
1756,83.0,8.0,12.0,16.0,20대,스탠다드,선호
1757,53.0,2.0,8.0,3.0,40대이상,프리미엄,선호
1758,28.0,4.0,10.0,5.0,30대,스탠다드,비선호
1759,40.0,15.0,21.0,8.0,20대,베이직,선호
1760,34.0,18.0,6.0,3.0,30대,베이직,선호
1761,22.0,13.0,17.0,6.0,10대,베이직,선호
1762,38.0,15.0,3.0,13.0,10대,스탠다드,선호
1763,43.0,2.0,14.0,0.0,20대,스탠다드,선호
1764,37.0,9.0,9.0,1.0,40대이상,베이직,비선호
1765,34.0,2.0,0.0,0.0,20대,베이직,선호
1766,23.0,10.0,20.0,7.0,40대이상,스탠다드,선호
1767,40.0,13.0,16.0,0.0,30대,베이직,선호
1768,65.0,8.0,17.0,3.0,20대,프리미엄,선호
1769,25.0,23.0,4.0,9.0,30대,베이직,선호
1770,43.0,10.0,6.0,7.0,40대이상,베이직,비선호
1771,31.0,9.0,15.0,9.0,30대,베이직,선호
1772,33.0,7.0,4.0,7.0,10대,베이직,선호
1773,45.0,19.0,27.0,6.0,10대,프리미엄,선호
1774,2.0,-0.0,24.0,2.0,20대,프리미엄,비선호
1775,13.0,15.0,4.0,6.0,30대,프리미엄,선호
1776,28.0,10.0,8.0,2.0,,스탠다드,선호
1777,30.0,5.0,2.0,4.0,20대,베이직,선호
1778,31.0,3.0,11.0,4.0,,스탠다드,비선호
1779,52.0,8.0,9.0,13.0,40대이상,프리미엄,선호
1780,49.0,12.0,8.0,14.0,20대,프리미엄,선호
1781,44.0,22.0,25.0,5.0,,스탠다드,선호
1782,39.0,10.0,8.0,14.0,40대이상,스탠다드,비선호
1783,53.0,0.0,1.0,13.0,30대,스탠다드,비선호
1784,17.0,9.0,12.0,5.0,20대,스탠다드,선호
1785,50.0,15.0,10.0,12.0,20대,베이직,선호
1786,5.0,6.0,17.0,13.0,30대,베이직,비선호
1787,27.0,15.0,7.0,5.0,20대,스탠다드,선호
1788,68.0,5.0,3.0,4.0,10대,스탠다드,비선호
1789,46.0,12.0,23.0,0.0,40대이상,스탠다드,선호
1790,37.0,16.0,0.0,8.0,20대,베이직,선호
1791,62.0,7.0,14.0,0.0,40대이상,스탠다드,비선호
1792,57.0,2.0,21.0,6.0,20대,스탠다드,비선호
1793,69.0,0.0,20.0,13.0,10대,베이직,비선호
1794,39.0,3.0,13.0,7.0,30대,베이직,선호
1795,37.0,14.0,26.0,8.0,20대,베이직,비선호
1796,18.0,8.0,7.0,1.0,30대,베이직,선호
1797,73.0,8.0,7.0,11.0,10대,스탠다드,비선호
1798,63.0,0.0,12.0,5.0,20대,베이직,비선호
1799,36.0,19.0,7.0,2.0,10대,베이직,선호
1800,22.0,13.0,-0.0,1.0,30대,스탠다드,선호
1801,30.0,11.0,14.0,9.0,10대,스탠다드,선호
1802,52.0,7.0,3.0,0.0,20대,스탠다드,비선호
1803,35.0,-0.0,13.0,4.0,10대,베이직,비선호
1804,32.0,9.0,6.0,8.0,40대이상,베이직,비선호
1805,22.0,1.0,9.0,11.0,20대,베이직,비선호
1806,26.0,6.0,2.0,4.0,30대,스탠다드,비선호
1807,46.0,8.0,2.0,6.0,10대,스탠다드,선호
1808,49.0,0.0,5.0,15.0,20대,프리미엄,선호
1809,36.0,10.0,14.0,6.0,10대,스탠다드,선호
1810,51.0,4.0,12.0,4.0,30대,스탠다드,선호
1811,42.0,0.0,5.0,12.0,40대이상,베이직,선호
1812,56.0,13.0,9.0,11.0,20대,베이직,비선호
1813,31.0,0.0,0.0,2.0,10대,베이직,선호
1814,32.0,4.0,19.0,8.0,40대이상,베이직,비선호
1815,30.0,0.0,16.0,6.0,30대,베이직,선호
1816,47.0,9.0,19.0,0.0,10대,스탠다드,선호
1817,28.0,15.0,10.0,4.0,30대,스탠다드,선호
1818,42.0,10.0,18.0,8.0,20대,스탠다드,선호
1819,36.0,11.0,15.0,0.0,40대이상,프리미엄,선호
1820,38.0,8.0,15.0,3.0,30대,베이직,선호
1821,63.0,0.0,9.0,7.0,30대,스탠다드,비선호
1822,12.0,3.0,11.0,12.0,10대,프리미엄,비선호
1823,41.0,17.0,4.0,3.0,30대,프리미엄,선호
1824,59.0,5.0,10.0,6.0,30대,베이직,선호
1825,41.0,11.0,0.0,3.0,20대,프리미엄,선호
1826,21.0,12.0,0.0,6.0,10대,프리미엄,선호
1827,59.0,6.0,29.0,3.0,30대,베이직,선호
1828,41.0,0.0,11.0,12.0,30대,스탠다드,비선호
1829,35.0,10.0,12.0,0.0,20대,베이직,선호
1830,34.0,17.0,13.0,7.0,40대이상,스탠다드,선호
1831,37.0,9.0,16.0,8.0,40대이상,베이직,선호
1832,41.0,2.0,3.0,0.0,40대이상,베이직,비선호
1833,23.0,4.0,5.0,9.0,30대,베이직,비선호
1834,46.0,2.0,14.0,9.0,20대,프리미엄,비선호
1835,44.0,16.0,24.0,0.0,10대,스탠다드,선호
1836,17.0,6.0,1.0,13.0,30대,베이직,선호
1837,21.0,11.0,8.0,0.0,30대,베이직,선호
1838,14.0,17.0,10.0,17.0,40대이상,스탠다드,선호
1839,15.0,10.0,10.0,2.0,40대이상,베이직,선호
1840,55.0,14.0,14.0,0.0,40대이상,스탠다드,선호
1841,63.0,5.0,14.0,-0.0,40대이상,스탠다드,선호
1842,0.0,15.0,19.0,9.0,10대,프리미엄,선호
1843,47.0,14.0,7.0,10.0,20대,스탠다드,선호
1844,45.0,13.0,23.0,3.0,10대,프리미엄,비선호
1845,36.0,13.0,16.0,9.0,20대,베이직,선호
1846,43.0,10.0,7.0,8.0,40대이상,스탠다드,선호
1847,43.0,9.0,0.0,13.0,30대,스탠다드,비선호
1848,18.0,10.0,14.0,3.0,30대,스탠다드,선호
1849,28.0,0.0,19.0,4.0,10대,프리미엄,비선호
1850,66.0,6.0,12.0,1.0,20대,베이직,비선호
1851,30.0,2.0,14.0,3.0,20대,프리미엄,선호
1852,50.0,8.0,17.0,5.0,20대,베이직,선호
1853,31.0,3.0,14.0,11.0,30대,스탠다드,비선호
1854,17.0,10.0,2.0,2.0,40대이상,스탠다드,선호
1855,33.0,19.0,9.0,0.0,10대,스탠다드,선호
1856,39.0,13.0,13.0,-0.0,20대,스탠다드,선호
1857,17.0,7.0,3.0,9.0,30대,베이직,비선호
1858,51.0,8.0,11.0,7.0,20대,베이직,선호
1859,49.0,0.0,0.0,12.0,20대,프리미엄,비선호
1860,45.0,5.0,15.0,15.0,10대,베이직,비선호
1861,30.0,7.0,20.0,5.0,20대,스탠다드,비선호
1862,42.0,13.0,18.0,8.0,20대,베이직,비선호
1863,42.0,7.0,9.0,6.0,10대,베이직,선호
1864,36.0,15.0,14.0,7.0,,베이직,선호
1865,22.0,3.0,4.0,7.0,40대이상,프리미엄,비선호
1866,26.0,13.0,19.0,3.0,40대이상,스탠다드,선호
1867,51.0,7.0,16.0,5.0,40대이상,프리미엄,비선호
1868,50.0,0.0,15.0,9.0,20대,베이직,비선호
1869,45.0,10.0,16.0,7.0,30대,베이직,선호
1870,40.0,7.0,7.0,1.0,40대이상,베이직,선호
1871,27.0,11.0,11.0,0.0,20대,스탠다드,비선호
1872,17.0,4.0,6.0,3.0,20대,베이직,선호
1873,41.0,11.0,0.0,10.0,30대,베이직,선호
1874,21.0,10.0,11.0,11.0,20대,스탠다드,선호
1875,45.0,0.0,11.0,0.0,30대,베이직,비선호
1876,31.0,-0.0,13.0,11.0,40대이상,스탠다드,비선호
1877,44.0,7.0,0.0,0.0,30대,스탠다드,비선호
1878,75.0,12.0,9.0,0.0,10대,스탠다드,선호
1879,34.0,9.0,4.0,4.0,10대,베이직,선호
1880,29.0,4.0,16.0,11.0,20대,베이직,비선호
1881,38.0,4.0,5.0,8.0,30대,프리미엄,선호
1882,61.0,20.0,5.0,7.0,20대,프리미엄,선호
1883,30.0,0.0,6.0,13.0,30대,베이직,비선호
1884,31.0,0.0,11.0,8.0,40대이상,프리미엄,비선호
1885,37.0,15.0,1.0,7.0,30대,베이직,비선호
1886,62.0,12.0,8.0,15.0,40대이상,스탠다드,선호
1887,22.0,7.0,11.0,7.0,30대,스탠다드,비선호
1888,52.0,19.0,11.0,13.0,30대,베이직,선호
1889,40.0,11.0,2.0,6.0,20대,프리미엄,선호
1890,38.0,10.0,14.0,16.0,20대,스탠다드,선호
1891,7.0,12.0,14.0,-0.0,20대,스탠다드,선호
1892,62.0,21.0,21.0,3.0,30대,스탠다드,선호
1893,59.0,17.0,7.0,2.0,40대이상,스탠다드,선호
1894,32.0,3.0,14.0,11.0,30대,스탠다드,비선호
1895,34.0,20.0,16.0,0.0,30대,스탠다드,선호
1896,60.0,7.0,7.0,6.0,20대,스탠다드,선호
1897,17.0,6.0,5.0,2.0,40대이상,베이직,비선호
1898,15.0,10.0,0.0,6.0,20대,프리미엄,선호
1899,43.0,11.0,13.0,7.0,20대,베이직,선호
1900,18.0,13.0,9.0,10.0,40대이상,스탠다드,선호
1901,47.0,2.0,15.0,9.0,40대이상,프리미엄,비선호
1902,57.0,0.0,0.0,2.0,30대,베이직,비선호
1903,25.0,9.0,10.0,7.0,20대,프리미엄,선호
1904,49.0,-0.0,15.0,4.0,10대,베이직,비선호
1905,38.0,0.0,4.0,0.0,40대이상,베이직,비선호
1906,50.0,17.0,4.0,13.0,10대,스탠다드,선호
1907,43.0,6.0,0.0,13.0,,스탠다드,선호
1908,63.0,0.0,13.0,10.0,30대,스탠다드,비선호
1909,18.0,7.0,23.0,15.0,40대이상,프리미엄,비선호
1910,42.0,9.0,12.0,4.0,20대,베이직,비선호
1911,37.0,17.0,13.0,2.0,10대,베이직,선호
1912,42.0,7.0,9.0,6.0,30대,베이직,선호
1913,31.0,0.0,10.0,6.0,20대,프리미엄,비선호
1914,50.0,2.0,19.0,4.0,20대,프리미엄,선호
1915,47.0,11.0,9.0,13.0,10대,베이직,비선호
1916,53.0,4.0,0.0,7.0,40대이상,스탠다드,비선호
1917,30.0,12.0,1.0,4.0,30대,스탠다드,선호
1918,39.0,8.0,5.0,7.0,20대,스탠다드,선호
1919,24.0,6.0,2.0,0.0,30대,스탠다드,비선호
1920,37.0,2.0,20.0,0.0,20대,프리미엄,비선호
1921,34.0,5.0,10.0,6.0,30대,스탠다드,선호
1922,28.0,8.0,6.0,17.0,20대,스탠다드,선호
1923,44.0,11.0,6.0,5.0,20대,스탠다드,선호
1924,37.0,21.0,4.0,11.0,10대,베이직,선호
1925,42.0,4.0,12.0,5.0,10대,베이직,비선호
1926,48.0,0.0,14.0,15.0,20대,스탠다드,비선호
1927,32.0,4.0,11.0,7.0,10대,스탠다드,선호
1928,46.0,-0.0,15.0,6.0,30대,베이직,비선호
1929,17.0,16.0,27.0,9.0,20대,베이직,선호
1930,46.0,13.0,0.0,9.0,30대,베이직,선호
1931,36.0,2.0,0.0,7.0,30대,스탠다드,비선호
1932,15.0,19.0,0.0,-0.0,20대,베이직,선호
1933,45.0,7.0,14.0,5.0,20대,베이직,선호
1934,51.0,0.0,21.0,5.0,30대,프리미엄,비선호
1935,26.0,10.0,5.0,5.0,30대,스탠다드,선호
1936,24.0,12.0,15.0,9.0,30대,프리미엄,선호
1937,60.0,11.0,7.0,18.0,10대,스탠다드,선호
1938,46.0,6.0,0.0,10.0,20대,스탠다드,선호
1939,63.0,8.0,11.0,9.0,20대,스탠다드,비선호
1940,36.0,13.0,17.0,3.0,30대,스탠다드,비선호
1941,43.0,16.0,14.0,12.0,20대,프리미엄,선호
1942,46.0,8.0,14.0,7.0,20대,스탠다드,비선호
1943,45.0,8.0,19.0,1.0,40대이상,스탠다드,비선호
1944,37.0,4.0,3.0,8.0,20대,프리미엄,비선호
1945,42.0,10.0,16.0,2.0,30대,프리미엄,선호
1946,62.0,14.0,6.0,7.0,10대,스탠다드,선호
1947,26.0,5.0,0.0,6.0,40대이상,프리미엄,비선호
1948,16.0,10.0,2.0,10.0,20대,프리미엄,선호
1949,52.0,13.0,18.0,0.0,20대,베이직,선호
1950,13.0,10.0,16.0,13.0,20대,스탠다드,비선호
1951,43.0,18.0,10.0,10.0,20대,스탠다드,선호
1952,9.0,6.0,2.0,9.0,20대,베이직,비선호
1953,61.0,18.0,20.0,6.0,10대,스탠다드,선호
1954,41.0,6.0,15.0,9.0,30대,베이직,비선호
1955,66.0,13.0,11.0,5.0,10대,베이직,선호
1956,38.0,11.0,11.0,4.0,30대,베이직,선호
1957,37.0,9.0,0.0,6.0,40대이상,스탠다드,선호
1958,43.0,18.0,11.0,6.0,20대,베이직,선호
1959,14.0,2.0,5.0,3.0,10대,베이직,선호
1960,44.0,9.0,0.0,13.0,40대이상,베이직,선호
1961,44.0,10.0,21.0,11.0,20대,베이직,선호
1962,45.0,6.0,10.0,0.0,20대,베이직,비선호
1963,53.0,6.0,7.0,14.0,20대,스탠다드,선호
1964,58.0,6.0,3.0,5.0,30대,스탠다드,선호
1965,45.0,0.0,8.0,7.0,30대,프리미엄,비선호
1966,41.0,16.0,17.0,2.0,20대,스탠다드,선호
1967,11.0,0.0,17.0,0.0,30대,스탠다드,비선호
1968,44.0,8.0,9.0,0.0,20대,프리미엄,선호
1969,21.0,5.0,14.0,5.0,30대,베이직,비선호
1970,31.0,0.0,7.0,0.0,40대이상,스탠다드,비선호
1971,42.0,11.0,7.0,0.0,20대,프리미엄,선호
1972,49.0,12.0,4.0,8.0,20대,베이직,선호
1973,18.0,6.0,26.0,7.0,30대,베이직,비선호
1974,75.0,7.0,19.0,9.0,20대,프리미엄,비선호
1975,42.0,10.0,18.0,10.0,10대,스탠다드,선호
1976,34.0,10.0,2.0,16.0,30대,베이직,비선호
1977,21.0,7.0,9.0,8.0,20대,스탠다드,비선호
1978,31.0,6.0,3.0,9.0,40대이상,스탠다드,선호
1979,42.0,11.0,19.0,8.0,30대,스탠다드,선호
1980,63.0,16.0,10.0,15.0,30대,프리미엄,선호
1981,44.0,0.0,8.0,1.0,20대,프리미엄,선호
1982,25.0,15.0,1.0,7.0,10대,스탠다드,선호
1983,57.0,4.0,0.0,8.0,30대,베이직,선호
1984,23.0,14.0,1.0,7.0,20대,스탠다드,선호
1985,29.0,4.0,6.0,10.0,20대,프리미엄,선호
1986,61.0,9.0,10.0,1.0,40대이상,스탠다드,비선호
1987,25.0,5.0,13.0,8.0,40대이상,베이직,선호
1988,33.0,7.0,12.0,10.0,10대,스탠다드,선호
1989,31.0,0.0,23.0,10.0,30대,베이직,비선호
1990,4.0,16.0,12.0,7.0,40대이상,베이직,선호
1991,38.0,18.0,12.0,0.0,30대,베이직,선호
1992,40.0,14.0,-0.0,0.0,40대이상,프리미엄,선호
1993,32.0,7.0,0.0,12.0,40대이상,베이직,선호
1994,34.0,9.0,-0.0,0.0,20대,스탠다드,선호
1995,40.0,6.0,14.0,7.0,20대,프리미엄,비선호
1996,34.0,13.0,13.0,13.0,10대,베이직,선호
1997,70.0,9.0,-0.0,19.0,10대,프리미엄,선호
1998,23.0,6.0,9.0,2.0,30대,스탠다드,비선호
1999,21.0,11.0,16.0,0.0,20대,프리미엄,선호
2000,32.0,4.0,10.0,8.0,10대,베이직,선호
2001,33.0,11.0,12.0,2.0,20대,스탠다드,선호
2002,5.0,7.0,23.0,4.0,20대,프리미엄,선호
2003,76.0,7.0,5.0,6.0,10대,스탠다드,선호
2004,13.0,8.0,3.0,1.0,30대,베이직,선호
2005,63.0,14.0,6.0,6.0,20대,베이직,선호
2006,37.0,12.0,6.0,13.0,20대,프리미엄,선호
2007,60.0,8.0,17.0,1.0,30대,스탠다드,선호
2008,65.0,17.0,4.0,9.0,20대,프리미엄,선호
2009,33.0,6.0,9.0,-0.0,30대,스탠다드,비선호
2010,56.0,0.0,6.0,2.0,20대,스탠다드,비선호
2011,68.0,1.0,11.0,2.0,20대,베이직,선호
2012,45.0,0.0,7.0,7.0,20대,프리미엄,비선호
2013,4.0,0.0,20.0,7.0,40대이상,베이직,비선호
2014,57.0,10.0,17.0,12.0,40대이상,스탠다드,선호
2015,50.0,10.0,15.0,8.0,30대,베이직,선호
2016,20.0,14.0,20.0,8.0,20대,베이직,선호
2017,42.0,1.0,13.0,11.0,10대,베이직,비선호
2018,39.0,7.0,19.0,13.0,30대,프리미엄,비선호
2019,50.0,7.0,2.0,3.0,20대,베이직,비선호
2020,62.0,17.0,25.0,3.0,30대,베이직,선호
2021,76.0,13.0,20.0,5.0,30대,베이직,선호
2022,37.0,3.0,17.0,6.0,20대,스탠다드,선호
2023,39.0,0.0,10.0,8.0,20대,스탠다드,비선호
2024,57.0,17.0,8.0,7.0,30대,베이직,선호
2025,20.0,8.0,0.0,9.0,10대,프리미엄,선호
2026,34.0,8.0,1.0,3.0,20대,스탠다드,비선호
2027,44.0,10.0,1.0,6.0,10대,스탠다드,선호
2028,41.0,0.0,17.0,9.0,40대이상,스탠다드,비선호
2029,23.0,6.0,28.0,0.0,10대,스탠다드,비선호
2030,44.0,13.0,15.0,7.0,10대,프리미엄,선호
2031,33.0,6.0,19.0,0.0,40대이상,스탠다드,비선호
2032,57.0,5.0,0.0,8.0,40대이상,스탠다드,선호
2033,7.0,6.0,15.0,16.0,30대,스탠다드,비선호
2034,63.0,10.0,0.0,4.0,20대,스탠다드,선호
2035,30.0,10.0,11.0,4.0,30대,프리미엄,비선호
2036,32.0,11.0,2.0,7.0,40대이상,베이직,선호
2037,33.0,6.0,6.0,2.0,30대,스탠다드,선호
2038,18.0,10.0,1.0,6.0,10대,프리미엄,선호
2039,12.0,1.0,8.0,2.0,40대이상,베이직,비선호
2040,75.0,6.0,9.0,6.0,20대,스탠다드,비선호
2041,33.0,15.0,0.0,5.0,20대,베이직,선호
2042,63.0,12.0,5.0,9.0,20대,스탠다드,선호
2043,27.0,15.0,13.0,4.0,20대,스탠다드,선호
2044,6.0,9.0,0.0,14.0,30대,베이직,선호
2045,71.0,0.0,3.0,9.0,30대,프리미엄,선호
2046,49.0,0.0,2.0,4.0,30대,스탠다드,비선호
2047,25.0,4.0,14.0,7.0,20대,베이직,선호
2048,41.0,15.0,7.0,18.0,20대,베이직,선호
2049,60.0,12.0,14.0,2.0,,베이직,선호
2050,40.0,17.0,5.0,2.0,30대,베이직,선호
2051,30.0,2.0,13.0,10.0,20대,스탠다드,비선호
2052,35.0,3.0,11.0,5.0,20대,베이직,선호
2053,56.0,13.0,0.0,8.0,40대이상,베이직,선호
2054,20.0,0.0,6.0,11.0,40대이상,스탠다드,선호
2055,47.0,2.0,5.0,8.0,20대,프리미엄,비선호
2056,28.0,13.0,20.0,6.0,20대,스탠다드,선호
2057,47.0,11.0,8.0,10.0,20대,프리미엄,선호
2058,35.0,13.0,6.0,7.0,20대,스탠다드,선호
2059,48.0,7.0,19.0,20.0,30대,베이직,선호
2060,54.0,8.0,8.0,3.0,30대,프리미엄,비선호
2061,21.0,7.0,0.0,9.0,20대,프리미엄,선호
2062,42.0,0.0,3.0,0.0,10대,스탠다드,비선호
2063,41.0,15.0,6.0,0.0,10대,프리미엄,선호
2064,51.0,8.0,6.0,10.0,20대,스탠다드,비선호
2065,37.0,1.0,20.0,4.0,10대,프리미엄,비선호
2066,16.0,8.0,19.0,14.0,10대,베이직,선호
2067,48.0,6.0,14.0,0.0,40대이상,스탠다드,비선호
2068,46.0,13.0,10.0,6.0,30대,프리미엄,선호
2069,61.0,7.0,0.0,1.0,30대,프리미엄,선호
2070,54.0,14.0,8.0,3.0,20대,베이직,선호
2071,38.0,14.0,0.0,1.0,40대이상,스탠다드,선호
2072,34.0,15.0,1.0,7.0,40대이상,프리미엄,선호
2073,38.0,22.0,3.0,4.0,20대,프리미엄,선호
2074,4.0,12.0,13.0,10.0,30대,스탠다드,선호
2075,35.0,5.0,0.0,11.0,40대이상,베이직,선호
2076,45.0,4.0,12.0,10.0,20대,스탠다드,비선호
2077,40.0,11.0,7.0,15.0,40대이상,스탠다드,선호
2078,50.0,5.0,15.0,14.0,30대,베이직,비선호
2079,29.0,0.0,12.0,9.0,30대,스탠다드,비선호
2080,40.0,5.0,9.0,0.0,40대이상,프리미엄,선호
2081,56.0,9.0,16.0,6.0,30대,베이직,선호
2082,32.0,15.0,2.0,7.0,30대,프리미엄,선호
2083,45.0,5.0,15.0,10.0,20대,프리미엄,비선호
2084,10.0,18.0,14.0,13.0,40대이상,스탠다드,비선호
2085,43.0,10.0,0.0,14.0,30대,스탠다드,선호
2086,47.0,6.0,1.0,3.0,20대,베이직,선호
2087,38.0,5.0,2.0,16.0,30대,스탠다드,비선호
2088,71.0,15.0,14.0,13.0,20대,프리미엄,선호
2089,48.0,10.0,6.0,7.0,20대,베이직,비선호
2090,35.0,15.0,3.0,11.0,30대,프리미엄,선호
2091,44.0,6.0,5.0,6.0,20대,프리미엄,비선호
2092,52.0,14.0,19.0,0.0,30대,베이직,선호
2093,69.0,22.0,13.0,7.0,30대,스탠다드,선호
2094,37.0,9.0,0.0,10.0,30대,스탠다드,비선호
2095,27.0,7.0,13.0,4.0,30대,스탠다드,비선호
2096,39.0,2.0,21.0,9.0,30대,베이직,비선호
2097,64.0,9.0,11.0,0.0,40대이상,스탠다드,선호
2098,27.0,16.0,8.0,13.0,30대,스탠다드,선호
2099,69.0,5.0,1.0,0.0,20대,스탠다드,선호
2100,24.0,2.0,18.0,5.0,20대,베이직,비선호
2101,32.0,9.0,6.0,3.0,20대,스탠다드,선호
2102,63.0,15.0,2.0,13.0,10대,스탠다드,선호
2103,54.0,9.0,16.0,2.0,30대,베이직,선호
2104,71.0,0.0,12.0,0.0,40대이상,베이직,선호
2105,67.0,9.0,22.0,5.0,40대이상,프리미엄,선호
2106,51.0,6.0,9.0,14.0,10대,스탠다드,선호
2107,23.0,11.0,24.0,0.0,20대,베이직,선호
2108,41.0,0.0,10.0,0.0,40대이상,스탠다드,비선호
2109,31.0,0.0,7.0,9.0,40대이상,스탠다드,비선호
2110,36.0,6.0,13.0,9.0,30대,베이직,비선호
2111,40.0,0.0,7.0,5.0,40대이상,프리미엄,비선호
2112,36.0,9.0,21.0,10.0,20대,프리미엄,선호
2113,37.0,9.0,18.0,8.0,,베이직,선호
2114,25.0,0.0,11.0,0.0,30대,스탠다드,비선호
2115,16.0,16.0,5.0,7.0,20대,프리미엄,선호
2116,15.0,8.0,14.0,12.0,20대,베이직,선호
2117,13.0,12.0,9.0,12.0,30대,스탠다드,선호
2118,56.0,11.0,0.0,4.0,40대이상,스탠다드,선호
2119,29.0,17.0,9.0,4.0,10대,베이직,선호
2120,46.0,8.0,0.0,5.0,20대,스탠다드,비선호
2121,46.0,3.0,7.0,13.0,20대,프리미엄,선호
2122,38.0,6.0,0.0,0.0,30대,스탠다드,비선호
2123,57.0,8.0,16.0,2.0,40대이상,스탠다드,선호
2124,13.0,12.0,3.0,5.0,20대,베이직,선호
2125,28.0,10.0,5.0,6.0,20대,베이직,선호
2126,40.0,8.0,0.0,11.0,20대,스탠다드,비선호
2127,52.0,11.0,1.0,6.0,40대이상,프리미엄,비선호
2128,38.0,20.0,4.0,4.0,30대,스탠다드,선호
2129,28.0,6.0,4.0,1.0,40대이상,스탠다드,선호
2130,56.0,11.0,10.0,10.0,40대이상,스탠다드,선호
2131,27.0,3.0,15.0,0.0,40대이상,베이직,비선호
2132,53.0,7.0,0.0,8.0,30대,스탠다드,선호
2133,34.0,7.0,11.0,-0.0,10대,베이직,비선호
2134,54.0,0.0,0.0,0.0,20대,스탠다드,비선호
2135,28.0,8.0,5.0,5.0,20대,베이직,선호
2136,25.0,21.0,10.0,8.0,10대,스탠다드,선호
2137,40.0,10.0,10.0,1.0,40대이상,베이직,비선호
2138,45.0,5.0,1.0,15.0,20대,프리미엄,선호
2139,39.0,0.0,17.0,4.0,10대,베이직,비선호
2140,8.0,0.0,9.0,10.0,30대,스탠다드,비선호
2141,30.0,8.0,14.0,8.0,20대,스탠다드,비선호
2142,44.0,4.0,4.0,6.0,40대이상,베이직,비선호
2143,40.0,27.0,15.0,14.0,10대,베이직,선호
2144,34.0,0.0,9.0,0.0,20대,베이직,비선호
2145,29.0,12.0,8.0,9.0,20대,스탠다드,선호
2146,30.0,11.0,7.0,1.0,30대,베이직,선호
2147,29.0,19.0,4.0,5.0,20대,베이직,선호
2148,64.0,13.0,19.0,0.0,20대,베이직,선호
2149,44.0,10.0,17.0,1.0,40대이상,스탠다드,선호
2150,40.0,0.0,14.0,15.0,10대,스탠다드,비선호
2151,41.0,12.0,10.0,14.0,30대,베이직,선호
2152,26.0,8.0,11.0,2.0,20대,베이직,비선호
2153,44.0,7.0,9.0,3.0,10대,스탠다드,선호
2154,59.0,7.0,5.0,7.0,40대이상,스탠다드,선호
2155,44.0,9.0,11.0,5.0,20대,베이직,선호
2156,29.0,7.0,9.0,9.0,20대,스탠다드,선호
2157,50.0,0.0,9.0,9.0,20대,베이직,비선호
2158,67.0,4.0,13.0,8.0,20대,베이직,비선호
2159,27.0,6.0,0.0,16.0,20대,스탠다드,선호
2160,12.0,15.0,11.0,11.0,40대이상,스탠다드,선호
2161,31.0,16.0,5.0,11.0,30대,베이직,선호
2162,37.0,5.0,8.0,15.0,20대,베이직,선호
2163,40.0,8.0,3.0,6.0,20대,스탠다드,비선호
2164,53.0,10.0,2.0,3.0,30대,베이직,비선호
2165,55.0,15.0,6.0,2.0,30대,스탠다드,선호
2166,44.0,3.0,8.0,4.0,20대,베이직,선호
2167,14.0,12.0,28.0,3.0,10대,베이직,선호
2168,48.0,0.0,0.0,8.0,30대,스탠다드,선호
2169,30.0,4.0,11.0,4.0,30대,스탠다드,비선호
2170,79.0,0.0,5.0,3.0,20대,베이직,선호
2171,47.0,15.0,0.0,10.0,40대이상,스탠다드,선호
2172,15.0,13.0,9.0,3.0,40대이상,프리미엄,선호
2173,34.0,5.0,4.0,9.0,20대,베이직,선호
2174,69.0,13.0,14.0,7.0,30대,베이직,선호
2175,32.0,0.0,0.0,10.0,20대,베이직,비선호
2176,37.0,21.0,2.0,0.0,20대,베이직,선호
2177,17.0,9.0,5.0,-0.0,30대,스탠다드,비선호
2178,33.0,8.0,13.0,5.0,20대,베이직,비선호
2179,37.0,0.0,6.0,12.0,40대이상,베이직,비선호
2180,36.0,4.0,6.0,0.0,40대이상,베이직,비선호
2181,49.0,6.0,16.0,15.0,30대,베이직,선호
2182,22.0,9.0,10.0,14.0,30대,베이직,선호
2183,41.0,16.0,5.0,1.0,20대,베이직,선호
2184,54.0,0.0,15.0,5.0,20대,프리미엄,비선호
2185,39.0,4.0,17.0,16.0,20대,베이직,비선호
2186,19.0,0.0,3.0,4.0,10대,스탠다드,비선호
2187,45.0,14.0,12.0,8.0,20대,베이직,선호
2188,34.0,11.0,14.0,2.0,40대이상,프리미엄,선호
2189,44.0,15.0,14.0,8.0,30대,베이직,선호
2190,37.0,0.0,12.0,8.0,20대,스탠다드,비선호
2191,38.0,19.0,17.0,4.0,30대,스탠다드,비선호
2192,47.0,1.0,10.0,1.0,10대,베이직,선호
2193,14.0,15.0,16.0,8.0,20대,베이직,선호
2194,45.0,11.0,7.0,19.0,20대,스탠다드,선호
2195,48.0,2.0,6.0,7.0,40대이상,프리미엄,비선호
2196,23.0,14.0,16.0,7.0,30대,스탠다드,선호
2197,82.0,5.0,24.0,2.0,20대,스탠다드,선호
2198,74.0,7.0,21.0,2.0,20대,스탠다드,비선호
2199,27.0,0.0,14.0,7.0,20대,스탠다드,비선호
2200,39.0,13.0,10.0,10.0,40대이상,스탠다드,선호
2201,50.0,0.0,12.0,6.0,40대이상,프리미엄,비선호
2202,61.0,9.0,24.0,10.0,10대,베이직,선호
2203,50.0,15.0,0.0,1.0,40대이상,베이직,선호
2204,17.0,7.0,7.0,12.0,,베이직,선호
2205,29.0,14.0,14.0,1.0,10대,프리미엄,선호
2206,35.0,0.0,13.0,8.0,40대이상,베이직,비선호
2207,32.0,14.0,18.0,15.0,20대,스탠다드,비선호
2208,54.0,19.0,13.0,3.0,40대이상,베이직,선호
2209,41.0,9.0,8.0,9.0,30대,프리미엄,선호
2210,53.0,11.0,0.0,16.0,20대,스탠다드,선호
2211,30.0,3.0,15.0,2.0,30대,베이직,비선호
2212,69.0,8.0,17.0,5.0,10대,스탠다드,선호
2213,45.0,9.0,16.0,9.0,10대,베이직,비선호
2214,26.0,14.0,4.0,6.0,20대,스탠다드,선호
2215,45.0,6.0,28.0,15.0,10대,스탠다드,비선호
2216,44.0,9.0,0.0,19.0,30대,스탠다드,선호
2217,39.0,0.0,15.0,4.0,30대,베이직,비선호
2218,60.0,8.0,19.0,2.0,40대이상,스탠다드,선호
2219,76.0,10.0,-0.0,4.0,10대,베이직,선호
2220,25.0,2.0,8.0,3.0,40대이상,베이직,비선호
2221,37.0,12.0,18.0,11.0,20대,스탠다드,선호
2222,43.0,18.0,0.0,10.0,10대,프리미엄,선호
2223,31.0,7.0,5.0,0.0,30대,스탠다드,선호
2224,30.0,10.0,15.0,2.0,40대이상,스탠다드,선호
2225,24.0,9.0,9.0,3.0,40대이상,프리미엄,선호
2226,0.0,9.0,0.0,6.0,20대,베이직,선호
2227,48.0,1.0,19.0,7.0,20대,베이직,비선호
2228,36.0,7.0,8.0,14.0,40대이상,프리미엄,선호
2229,38.0,1.0,14.0,1.0,30대,스탠다드,비선호
2230,33.0,2.0,21.0,1.0,10대,스탠다드,비선호
2231,63.0,21.0,6.0,2.0,30대,스탠다드,선호
2232,54.0,17.0,7.0,0.0,30대,스탠다드,선호
2233,26.0,5.0,12.0,8.0,30대,베이직,선호
2234,70.0,14.0,7.0,2.0,20대,프리미엄,선호
2235,36.0,12.0,25.0,9.0,10대,프리미엄,선호
2236,37.0,0.0,5.0,8.0,40대이상,스탠다드,비선호
2237,23.0,9.0,2.0,10.0,30대,베이직,비선호
2238,58.0,13.0,25.0,3.0,30대,스탠다드,선호
2239,45.0,13.0,23.0,9.0,10대,베이직,선호
2240,26.0,5.0,6.0,9.0,10대,베이직,선호
2241,19.0,-0.0,22.0,2.0,30대,베이직,비선호
2242,36.0,1.0,10.0,12.0,10대,베이직,비선호
2243,20.0,6.0,19.0,10.0,20대,스탠다드,비선호
2244,17.0,7.0,6.0,13.0,30대,베이직,비선호
2245,37.0,5.0,14.0,4.0,40대이상,스탠다드,비선호
2246,37.0,17.0,12.0,2.0,20대,스탠다드,선호
2247,37.0,12.0,5.0,2.0,40대이상,스탠다드,선호
2248,29.0,12.0,9.0,5.0,30대,베이직,선호
2249,23.0,6.0,7.0,-0.0,30대,베이직,비선호
2250,40.0,9.0,4.0,-0.0,40대이상,베이직,선호
2251,43.0,0.0,0.0,14.0,10대,프리미엄,비선호
2252,22.0,0.0,16.0,0.0,30대,베이직,비선호
2253,59.0,10.0,18.0,8.0,,프리미엄,비선호
2254,62.0,3.0,8.0,6.0,20대,스탠다드,비선호
2255,51.0,-0.0,8.0,9.0,40대이상,프리미엄,비선호
2256,39.0,0.0,20.0,8.0,20대,프리미엄,비선호
2257,1.0,8.0,8.0,5.0,30대,스탠다드,비선호
2258,42.0,13.0,9.0,3.0,20대,프리미엄,선호
2259,51.0,19.0,0.0,6.0,20대,베이직,비선호
2260,31.0,10.0,12.0,13.0,10대,스탠다드,비선호
2261,33.0,16.0,2.0,10.0,20대,베이직,선호
2262,16.0,7.0,24.0,16.0,10대,프리미엄,비선호
2263,10.0,10.0,9.0,1.0,30대,스탠다드,선호
2264,29.0,0.0,17.0,14.0,10대,베이직,비선호
2265,35.0,13.0,17.0,3.0,10대,스탠다드,선호
2266,55.0,9.0,7.0,11.0,30대,프리미엄,선호
2267,39.0,15.0,7.0,4.0,40대이상,스탠다드,선호
2268,47.0,18.0,1.0,14.0,20대,스탠다드,선호
2269,71.0,2.0,6.0,7.0,40대이상,스탠다드,비선호
2270,61.0,2.0,2.0,12.0,20대,베이직,비선호
2271,35.0,13.0,12.0,8.0,30대,프리미엄,선호
2272,32.0,14.0,23.0,12.0,30대,베이직,선호
2273,31.0,13.0,7.0,10.0,30대,스탠다드,선호
2274,41.0,3.0,7.0,6.0,40대이상,베이직,비선호
2275,15.0,12.0,0.0,5.0,20대,베이직,선호
2276,60.0,12.0,11.0,2.0,20대,스탠다드,선호
2277,79.0,12.0,17.0,4.0,10대,스탠다드,선호
2278,43.0,4.0,10.0,1.0,,프리미엄,선호
2279,0.0,4.0,2.0,8.0,30대,스탠다드,비선호
2280,34.0,1.0,15.0,6.0,10대,베이직,비선호
2281,86.0,18.0,9.0,3.0,,베이직,선호
2282,38.0,11.0,17.0,5.0,40대이상,프리미엄,선호
2283,24.0,0.0,2.0,3.0,30대,스탠다드,선호
2284,37.0,4.0,13.0,6.0,20대,스탠다드,선호
2285,55.0,10.0,3.0,10.0,30대,스탠다드,선호
2286,32.0,3.0,6.0,5.0,10대,프리미엄,비선호
2287,6.0,14.0,14.0,9.0,10대,베이직,선호
2288,54.0,9.0,21.0,13.0,40대이상,스탠다드,선호
2289,76.0,17.0,7.0,10.0,30대,프리미엄,선호
2290,27.0,4.0,10.0,4.0,40대이상,베이직,선호
2291,39.0,10.0,12.0,5.0,40대이상,베이직,선호
2292,30.0,3.0,4.0,4.0,10대,베이직,비선호
2293,57.0,5.0,12.0,5.0,40대이상,스탠다드,비선호
2294,10.0,2.0,8.0,17.0,40대이상,프리미엄,비선호
2295,23.0,4.0,14.0,5.0,40대이상,프리미엄,선호
2296,27.0,1.0,16.0,8.0,30대,베이직,비선호
2297,58.0,13.0,7.0,2.0,20대,스탠다드,선호
2298,77.0,6.0,13.0,5.0,40대이상,베이직,비선호
2299,37.0,10.0,19.0,0.0,40대이상,프리미엄,선호
2300,41.0,11.0,18.0,5.0,30대,스탠다드,선호
2301,56.0,18.0,18.0,4.0,20대,스탠다드,선호
2302,57.0,15.0,8.0,0.0,20대,스탠다드,선호
2303,47.0,6.0,12.0,6.0,40대이상,베이직,선호
2304,38.0,7.0,12.0,14.0,30대,베이직,선호
2305,-0.0,13.0,18.0,7.0,30대,프리미엄,선호
2306,56.0,5.0,11.0,4.0,20대,프리미엄,비선호
2307,72.0,11.0,15.0,5.0,20대,스탠다드,비선호
2308,57.0,0.0,20.0,15.0,20대,스탠다드,비선호
2309,60.0,6.0,5.0,11.0,30대,베이직,비선호
2310,50.0,12.0,16.0,7.0,20대,베이직,선호
2311,70.0,4.0,15.0,5.0,20대,프리미엄,비선호
2312,53.0,15.0,10.0,0.0,20대,스탠다드,선호
2313,20.0,2.0,5.0,12.0,30대,베이직,선호
2314,40.0,3.0,5.0,17.0,20대,스탠다드,비선호
2315,24.0,0.0,11.0,14.0,40대이상,스탠다드,비선호
2316,18.0,5.0,5.0,8.0,,베이직,선호
2317,29.0,8.0,23.0,8.0,40대이상,스탠다드,선호
2318,21.0,3.0,16.0,0.0,30대,프리미엄,비선호
2319,65.0,8.0,16.0,10.0,40대이상,스탠다드,선호
2320,38.0,9.0,11.0,4.0,40대이상,베이직,비선호
2321,18.0,8.0,15.0,3.0,30대,스탠다드,선호
2322,33.0,0.0,0.0,12.0,10대,베이직,비선호
2323,23.0,7.0,7.0,0.0,20대,스탠다드,비선호
2324,33.0,23.0,16.0,2.0,40대이상,베이직,선호
2325,46.0,10.0,23.0,6.0,20대,베이직,선호
2326,25.0,5.0,6.0,5.0,20대,베이직,선호
2327,24.0,11.0,4.0,5.0,20대,프리미엄,선호
2328,42.0,0.0,16.0,5.0,20대,베이직,비선호
2329,29.0,17.0,16.0,14.0,40대이상,베이직,선호
2330,10.0,7.0,19.0,6.0,20대,프리미엄,비선호
2331,55.0,12.0,12.0,9.0,20대,베이직,비선호
2332,13.0,11.0,17.0,5.0,20대,베이직,선호
2333,24.0,0.0,12.0,6.0,20대,베이직,비선호
2334,42.0,10.0,16.0,8.0,30대,베이직,선호
2335,38.0,10.0,0.0,9.0,40대이상,프리미엄,선호
2336,29.0,3.0,16.0,0.0,30대,스탠다드,비선호
2337,45.0,2.0,10.0,10.0,10대,스탠다드,비선호
2338,14.0,14.0,15.0,13.0,,베이직,선호
2339,32.0,7.0,16.0,0.0,10대,스탠다드,선호
2340,51.0,17.0,2.0,8.0,20대,스탠다드,선호
2341,54.0,8.0,6.0,9.0,30대,스탠다드,비선호
2342,32.0,12.0,23.0,6.0,20대,스탠다드,선호
2343,21.0,0.0,14.0,16.0,20대,스탠다드,비선호
2344,34.0,4.0,13.0,19.0,40대이상,스탠다드,비선호
2345,25.0,10.0,14.0,3.0,20대,스탠다드,선호
2346,33.0,3.0,7.0,16.0,40대이상,프리미엄,선호
2347,44.0,1.0,15.0,5.0,40대이상,프리미엄,비선호
2348,56.0,10.0,12.0,0.0,20대,베이직,선호
2349,55.0,3.0,13.0,6.0,20대,프리미엄,선호
2350,29.0,10.0,10.0,8.0,10대,베이직,선호
2351,56.0,17.0,7.0,0.0,10대,스탠다드,선호
2352,19.0,12.0,7.0,6.0,40대이상,스탠다드,선호
2353,42.0,11.0,21.0,1.0,10대,베이직,선호
2354,39.0,15.0,5.0,10.0,40대이상,스탠다드,선호
2355,50.0,7.0,21.0,1.0,40대이상,프리미엄,선호
2356,18.0,1.0,9.0,12.0,20대,프리미엄,선호
2357,42.0,0.0,13.0,8.0,30대,베이직,비선호
2358,38.0,27.0,11.0,4.0,20대,베이직,선호
2359,48.0,10.0,19.0,2.0,10대,스탠다드,선호
2360,58.0,10.0,0.0,6.0,30대,베이직,선호
2361,56.0,14.0,18.0,9.0,30대,베이직,선호
2362,58.0,11.0,19.0,13.0,20대,스탠다드,선호
2363,45.0,10.0,15.0,5.0,30대,베이직,선호
2364,24.0,4.0,5.0,11.0,40대이상,스탠다드,비선호
2365,61.0,7.0,0.0,12.0,20대,스탠다드,선호
2366,22.0,9.0,8.0,9.0,40대이상,프리미엄,선호
2367,46.0,4.0,15.0,9.0,20대,프리미엄,비선호
2368,15.0,5.0,8.0,5.0,30대,스탠다드,비선호
2369,38.0,1.0,3.0,5.0,20대,베이직,비선호
2370,46.0,17.0,21.0,2.0,20대,베이직,선호
2371,46.0,3.0,14.0,7.0,40대이상,베이직,비선호
2372,39.0,8.0,11.0,4.0,30대,베이직,선호
2373,40.0,8.0,10.0,7.0,30대,프리미엄,선호
2374,32.0,4.0,0.0,12.0,20대,스탠다드,선호
2375,34.0,0.0,3.0,6.0,40대이상,스탠다드,비선호
2376,52.0,8.0,0.0,2.0,10대,프리미엄,선호
2377,37.0,5.0,8.0,9.0,30대,스탠다드,선호
2378,37.0,15.0,10.0,3.0,20대,스탠다드,선호
2379,34.0,9.0,12.0,5.0,40대이상,베이직,선호
2380,66.0,-0.0,16.0,6.0,20대,프리미엄,비선호
2381,27.0,5.0,22.0,0.0,40대이상,베이직,비선호
2382,70.0,0.0,1.0,1.0,20대,베이직,선호
2383,38.0,10.0,12.0,11.0,30대,스탠다드,비선호
2384,43.0,3.0,-0.0,0.0,40대이상,베이직,비선호
2385,58.0,11.0,1.0,4.0,,스탠다드,선호
2386,37.0,12.0,20.0,6.0,10대,스탠다드,선호
2387,42.0,16.0,10.0,4.0,20대,스탠다드,선호
2388,49.0,10.0,9.0,5.0,20대,베이직,비선호
2389,14.0,10.0,13.0,0.0,30대,스탠다드,선호
2390,35.0,6.0,18.0,13.0,20대,베이직,비선호
2391,58.0,0.0,24.0,9.0,30대,스탠다드,비선호
2392,49.0,0.0,7.0,4.0,30대,베이직,비선호
2393,66.0,2.0,13.0,0.0,,프리미엄,비선호
2394,18.0,8.0,21.0,0.0,20대,베이직,비선호
2395,33.0,6.0,10.0,2.0,10대,프리미엄,비선호
2396,12.0,12.0,23.0,0.0,20대,베이직,선호
2397,47.0,9.0,5.0,4.0,40대이상,스탠다드,비선호
2398,61.0,12.0,7.0,0.0,20대,베이직,선호
2399,53.0,0.0,12.0,5.0,40대이상,베이직,비선호
2400,37.0,7.0,12.0,14.0,10대,스탠다드,선호
2401,51.0,19.0,16.0,21.0,20대,스탠다드,선호
2402,25.0,9.0,13.0,0.0,20대,베이직,선호
2403,35.0,12.0,7.0,14.0,40대이상,베이직,선호
2404,53.0,19.0,18.0,11.0,40대이상,베이직,선호
2405,42.0,7.0,8.0,9.0,40대이상,스탠다드,선호
2406,27.0,15.0,13.0,1.0,40대이상,프리미엄,선호
2407,34.0,0.0,6.0,0.0,40대이상,스탠다드,비선호
2408,5.0,6.0,12.0,15.0,30대,프리미엄,비선호
2409,24.0,6.0,19.0,0.0,30대,프리미엄,선호
2410,14.0,2.0,19.0,11.0,20대,스탠다드,비선호
2411,54.0,13.0,8.0,7.0,40대이상,스탠다드,선호
2412,40.0,12.0,7.0,4.0,40대이상,베이직,비선호
2413,10.0,18.0,21.0,9.0,20대,스탠다드,선호
2414,67.0,0.0,27.0,11.0,30대,스탠다드,비선호
2415,55.0,6.0,10.0,5.0,30대,스탠다드,선호
2416,12.0,2.0,1.0,2.0,30대,베이직,선호
2417,44.0,9.0,11.0,8.0,20대,스탠다드,선호
2418,48.0,22.0,15.0,0.0,20대,스탠다드,선호
2419,41.0,10.0,14.0,2.0,20대,스탠다드,선호
2420,60.0,21.0,10.0,8.0,20대,스탠다드,선호
2421,58.0,2.0,6.0,6.0,40대이상,스탠다드,비선호
2422,31.0,8.0,3.0,12.0,30대,스탠다드,선호
2423,36.0,8.0,17.0,8.0,30대,베이직,선호
2424,26.0,0.0,4.0,0.0,20대,베이직,비선호
2425,57.0,11.0,12.0,21.0,20대,프리미엄,선호
2426,33.0,7.0,17.0,7.0,20대,베이직,비선호
2427,50.0,9.0,25.0,6.0,30대,스탠다드,선호
2428,77.0,13.0,14.0,16.0,20대,스탠다드,선호
2429,42.0,0.0,21.0,3.0,40대이상,스탠다드,비선호
2430,48.0,11.0,12.0,2.0,,스탠다드,비선호
2431,52.0,7.0,5.0,4.0,40대이상,스탠다드,선호
2432,29.0,12.0,16.0,13.0,10대,베이직,선호
2433,36.0,9.0,10.0,14.0,30대,프리미엄,비선호
2434,35.0,1.0,21.0,1.0,10대,스탠다드,비선호
2435,70.0,9.0,8.0,9.0,30대,베이직,선호
2436,42.0,20.0,6.0,3.0,10대,스탠다드,선호
2437,53.0,12.0,7.0,9.0,20대,베이직,선호
2438,37.0,0.0,5.0,7.0,10대,베이직,비선호
2439,61.0,19.0,11.0,5.0,30대,스탠다드,선호
2440,28.0,10.0,18.0,9.0,20대,베이직,선호
2441,46.0,1.0,11.0,6.0,10대,스탠다드,비선호
2442,62.0,9.0,13.0,8.0,20대,베이직,선호
2443,39.0,7.0,0.0,17.0,,베이직,선호
2444,60.0,0.0,6.0,1.0,10대,스탠다드,비선호
2445,44.0,7.0,6.0,2.0,40대이상,베이직,선호
2446,49.0,12.0,10.0,1.0,40대이상,프리미엄,선호
2447,68.0,10.0,16.0,5.0,30대,프리미엄,선호
2448,49.0,0.0,21.0,5.0,30대,스탠다드,비선호
2449,23.0,1.0,5.0,11.0,10대,프리미엄,비선호
2450,42.0,11.0,16.0,12.0,30대,스탠다드,선호
2451,35.0,-0.0,4.0,0.0,30대,스탠다드,비선호
2452,61.0,14.0,11.0,11.0,20대,스탠다드,선호
2453,43.0,14.0,4.0,9.0,30대,스탠다드,선호
2454,56.0,15.0,22.0,9.0,20대,스탠다드,선호
2455,43.0,2.0,19.0,12.0,20대,스탠다드,비선호
2456,39.0,16.0,14.0,5.0,40대이상,스탠다드,선호
2457,40.0,5.0,6.0,8.0,10대,프리미엄,비선호
2458,44.0,16.0,15.0,5.0,40대이상,스탠다드,선호
2459,39.0,17.0,3.0,11.0,20대,베이직,선호
2460,24.0,1.0,9.0,7.0,20대,베이직,비선호
2461,23.0,8.0,10.0,11.0,10대,스탠다드,선호
2462,41.0,11.0,19.0,14.0,,스탠다드,선호
2463,37.0,11.0,6.0,5.0,30대,스탠다드,선호
2464,20.0,6.0,15.0,1.0,30대,프리미엄,비선호
2465,60.0,10.0,8.0,9.0,20대,스탠다드,선호
2466,44.0,0.0,6.0,4.0,30대,스탠다드,비선호
2467,24.0,5.0,0.0,4.0,30대,프리미엄,선호
2468,46.0,12.0,10.0,8.0,40대이상,베이직,비선호
2469,40.0,14.0,22.0,8.0,40대이상,베이직,선호
2470,52.0,2.0,9.0,7.0,40대이상,프리미엄,비선호
2471,59.0,10.0,5.0,3.0,20대,스탠다드,선호
2472,37.0,3.0,-0.0,10.0,20대,베이직,비선호
2473,46.0,4.0,21.0,5.0,40대이상,스탠다드,선호
2474,43.0,25.0,0.0,5.0,40대이상,베이직,선호
2475,35.0,7.0,13.0,-0.0,20대,스탠다드,선호
2476,29.0,1.0,2.0,6.0,10대,베이직,비선호
2477,58.0,13.0,14.0,4.0,20대,스탠다드,선호
2478,61.0,11.0,4.0,6.0,40대이상,스탠다드,선호
2479,30.0,20.0,0.0,5.0,30대,프리미엄,선호
2480,57.0,1.0,20.0,0.0,40대이상,스탠다드,비선호
2481,42.0,14.0,10.0,2.0,20대,스탠다드,선호
2482,31.0,4.0,0.0,12.0,20대,스탠다드,선호
2483,35.0,2.0,16.0,0.0,30대,스탠다드,비선호
2484,20.0,0.0,19.0,3.0,10대,스탠다드,비선호
2485,45.0,12.0,2.0,6.0,20대,베이직,선호
2486,39.0,7.0,17.0,8.0,20대,스탠다드,선호
2487,31.0,0.0,6.0,2.0,20대,프리미엄,선호
2488,35.0,11.0,18.0,8.0,20대,베이직,선호
2489,54.0,11.0,5.0,9.0,10대,스탠다드,선호
2490,50.0,2.0,10.0,11.0,20대,베이직,비선호
2491,35.0,8.0,16.0,14.0,10대,프리미엄,선호
2492,56.0,17.0,4.0,9.0,20대,스탠다드,선호
2493,56.0,11.0,11.0,10.0,20대,베이직,선호
2494,41.0,5.0,4.0,11.0,20대,베이직,선호
2495,20.0,7.0,20.0,7.0,10대,베이직,선호
2496,59.0,7.0,7.0,-0.0,40대이상,베이직,선호
2497,51.0,4.0,17.0,5.0,10대,스탠다드,비선호
2498,41.0,7.0,5.0,8.0,20대,베이직,선호
2499,39.0,14.0,10.0,11.0,20대,스탠다드,선호
2500,20.0,2.0,13.0,0.0,20대,베이직,비선호
