customer_id,avg_spend,visit_count,membership_month,age_group,membership_type,revisit
1,3526.0,1.0,14.0,30대,골드,비재방문
2,6449.0,7.0,10.0,30대,실버,재방문
3,5072.0,4.0,10.0,40대,일반,비재방문
4,8371.0,4.0,13.0,40대,일반,재방문
5,10234.0,2.0,15.0,30대,일반,재방문
6,4062.0,6.0,11.0,40대,일반,재방문
7,7279.0,4.0,11.0,40대,일반,재방문
8,7619.0,3.0,0.0,30대,골드,재방문
9,6063.0,4.0,13.0,40대,실버,재방문
10,6308.0,8.0,20.0,20대,일반,재방문
11,11519.0,8.0,9.0,20대,일반,재방문
12,9976.0,6.0,10.0,30대,일반,재방문
13,4755.0,-0.0,8.0,30대,실버,재방문
14,3253.0,6.0,6.0,30대,골드,재방문
15,7014.0,5.0,8.0,50대이상,일반,재방문
16,5971.0,6.0,12.0,20대,실버,재방문
17,8691.0,2.0,7.0,50대이상,실버,비재방문
18,8586.0,10.0,9.0,40대,실버,재방문
19,6323.0,4.0,-0.0,30대,실버,재방문
20,9333.0,7.0,6.0,40대,골드,재방문
21,6188.0,5.0,9.0,50대이상,일반,재방문
22,10282.0,2.0,10.0,50대이상,일반,비재방문
23,9507.0,2.0,9.0,30대,일반,재방문
24,4671.0,1.0,15.0,20대,골드,비재방문
25,5489.0,3.0,15.0,20대,일반,재방문
26,6627.0,7.0,18.0,40대,실버,재방문
27,3472.0,10.0,14.0,20대,일반,재방문
28,5410.0,4.0,2.0,40대,일반,재방문
29,5173.0,7.0,13.0,50대이상,실버,재방문
30,8852.0,2.0,1.0,50대이상,골드,재방문
31,8239.0,6.0,12.0,40대,일반,재방문
32,4996.0,6.0,12.0,30대,골드,재방문
33,7286.0,5.0,16.0,50대이상,실버,재방문
34,7438.0,5.0,9.0,30대,골드,재방문
35,8582.0,4.0,7.0,20대,골드,재방문
36,6517.0,8.0,12.0,40대,일반,재방문
37,8192.0,6.0,14.0,40대,일반,재방문
38,11298.0,1.0,2.0,30대,실버,재방문
39,9185.0,6.0,6.0,50대이상,일반,재방문
40,11270.0,3.0,14.0,30대,골드,재방문
41,7721.0,3.0,4.0,40대,실버,재방문
42,6705.0,6.0,20.0,20대,일반,재방문
43,16029.0,8.0,4.0,30대,일반,재방문
44,8755.0,5.0,15.0,50대이상,실버,재방문
45,7670.0,6.0,5.0,40대,골드,재방문
46,10193.0,6.0,10.0,30대,일반,재방문
47,6683.0,5.0,14.0,20대,골드,재방문
48,6390.0,5.0,0.0,30대,실버,비재방문
49,9782.0,1.0,6.0,30대,실버,재방문
50,5948.0,7.0,8.0,,일반,재방문
51,3923.0,10.0,3.0,30대,일반,재방문
52,8444.0,7.0,8.0,40대,실버,재방문
53,9991.0,7.0,13.0,40대,실버,재방문
54,10047.0,0.0,4.0,20대,일반,재방문
55,7275.0,2.0,6.0,50대이상,일반,재방문
56,10663.0,4.0,6.0,20대,실버,재방문
57,6309.0,5.0,2.0,20대,골드,재방문
58,4224.0,5.0,13.0,30대,일반,재방문
59,7504.0,6.0,9.0,20대,일반,재방문
60,12597.0,5.0,17.0,30대,일반,재방문
61,12575.0,1.0,16.0,40대,골드,재방문
62,7079.0,6.0,5.0,50대이상,일반,재방문
63,5888.0,7.0,4.0,50대이상,실버,비재방문
64,6581.0,4.0,11.0,20대,일반,비재방문
65,11568.0,5.0,2.0,20대,실버,재방문
66,6712.0,4.0,7.0,20대,일반,재방문
67,6134.0,3.0,19.0,20대,일반,비재방문
68,11478.0,1.0,11.0,20대,일반,재방문
69,8698.0,3.0,6.0,30대,일반,재방문
70,5157.0,4.0,0.0,20대,실버,재방문
71,4963.0,7.0,17.0,,실버,재방문
72,4178.0,2.0,9.0,20대,일반,비재방문
73,10555.0,1.0,10.0,30대,실버,재방문
74,6816.0,3.0,12.0,30대,일반,재방문
75,11132.0,0.0,1.0,50대이상,실버,비재방문
76,4174.0,4.0,11.0,30대,골드,재방문
77,5600.0,11.0,13.0,30대,일반,재방문
78,6071.0,5.0,4.0,40대,실버,재방문
79,7754.0,4.0,10.0,50대이상,실버,재방문
80,8977.0,6.0,7.0,30대,일반,재방문
81,10980.0,4.0,8.0,20대,골드,재방문
82,9518.0,3.0,4.0,30대,일반,재방문
83,7159.0,3.0,2.0,40대,일반,재방문
84,7448.0,3.0,19.0,30대,실버,재방문
85,10261.0,6.0,10.0,20대,골드,재방문
86,9819.0,6.0,5.0,40대,실버,재방문
87,3806.0,4.0,10.0,30대,실버,재방문
88,12683.0,6.0,16.0,20대,일반,재방문
89,8823.0,3.0,7.0,50대이상,일반,재방문
90,11350.0,8.0,8.0,20대,일반,재방문
91,10680.0,8.0,8.0,20대,일반,재방문
92,9035.0,0.0,12.0,40대,일반,재방문
93,6684.0,1.0,15.0,50대이상,골드,비재방문
94,6520.0,4.0,11.0,20대,골드,재방문
95,11454.0,9.0,8.0,20대,일반,재방문
96,5020.0,6.0,7.0,20대,골드,재방문
97,6056.0,8.0,24.0,30대,골드,재방문
98,4780.0,5.0,21.0,40대,실버,재방문
99,2183.0,7.0,10.0,20대,일반,비재방문
100,7886.0,6.0,17.0,50대이상,일반,재방문
101,7395.0,4.0,7.0,20대,일반,재방문
102,8704.0,4.0,9.0,30대,일반,재방문
103,9254.0,10.0,11.0,40대,실버,재방문
104,4278.0,6.0,6.0,40대,일반,재방문
105,7080.0,5.0,6.0,20대,골드,재방문
106,10541.0,9.0,2.0,30대,일반,재방문
107,9625.0,4.0,8.0,50대이상,일반,재방문
108,8684.0,4.0,1.0,40대,골드,재방문
109,7635.0,9.0,10.0,20대,골드,재방문
110,8912.0,7.0,3.0,20대,일반,재방문
111,6828.0,1.0,8.0,50대이상,실버,재방문
112,8256.0,5.0,19.0,30대,실버,재방문
113,10981.0,6.0,0.0,40대,골드,재방문
114,10807.0,4.0,4.0,50대이상,실버,재방문
115,8893.0,10.0,3.0,40대,일반,재방문
116,5537.0,5.0,12.0,30대,일반,재방문
117,11777.0,5.0,15.0,20대,실버,재방문
118,7551.0,6.0,8.0,40대,실버,재방문
119,6363.0,4.0,13.0,30대,일반,재방문
120,11052.0,10.0,12.0,20대,골드,재방문
121,4815.0,5.0,6.0,20대,일반,재방문
122,7337.0,7.0,11.0,50대이상,일반,재방문
123,9895.0,3.0,2.0,50대이상,일반,재방문
124,7434.0,3.0,2.0,20대,실버,재방문
125,9424.0,4.0,4.0,20대,일반,재방문
126,5370.0,3.0,12.0,20대,일반,재방문
127,8761.0,8.0,13.0,30대,골드,재방문
128,6005.0,9.0,5.0,20대,일반,재방문
129,11095.0,9.0,0.0,50대이상,실버,재방문
130,9562.0,9.0,1.0,20대,골드,재방문
131,13509.0,3.0,13.0,30대,실버,재방문
132,8165.0,2.0,6.0,20대,골드,재방문
133,7337.0,7.0,3.0,40대,실버,재방문
134,7249.0,8.0,4.0,20대,일반,재방문
135,4528.0,5.0,-0.0,20대,골드,재방문
136,8660.0,0.0,19.0,20대,일반,재방문
137,11353.0,5.0,9.0,40대,일반,재방문
138,11663.0,7.0,12.0,20대,일반,재방문
139,7475.0,6.0,1.0,30대,일반,재방문
140,10240.0,5.0,7.0,30대,골드,재방문
141,6353.0,5.0,16.0,30대,실버,재방문
142,10145.0,6.0,5.0,30대,일반,재방문
143,8122.0,4.0,12.0,30대,일반,재방문
144,9626.0,1.0,13.0,40대,일반,재방문
145,4843.0,2.0,3.0,,일반,재방문
146,5481.0,9.0,14.0,30대,일반,재방문
147,5121.0,7.0,8.0,20대,일반,재방문
148,9187.0,3.0,9.0,30대,실버,재방문
149,5870.0,4.0,6.0,20대,일반,재방문
150,5502.0,0.0,17.0,30대,일반,재방문
151,9183.0,6.0,15.0,20대,골드,재방문
152,9757.0,5.0,6.0,20대,골드,재방문
153,11373.0,6.0,11.0,40대,일반,재방문
154,8314.0,5.0,13.0,40대,일반,재방문
155,2735.0,0.0,6.0,50대이상,일반,재방문
156,5186.0,3.0,25.0,30대,실버,비재방문
157,5138.0,5.0,3.0,40대,일반,재방문
158,6874.0,7.0,4.0,30대,일반,재방문
159,5910.0,5.0,12.0,30대,실버,재방문
160,5869.0,5.0,16.0,30대,일반,재방문
161,5848.0,4.0,8.0,30대,일반,재방문
162,6572.0,9.0,4.0,40대,실버,재방문
163,5585.0,6.0,12.0,30대,일반,재방문
164,7362.0,5.0,16.0,,골드,재방문
165,7838.0,7.0,6.0,50대이상,일반,비재방문
166,6934.0,1.0,11.0,20대,일반,재방문
167,8184.0,6.0,5.0,20대,일반,재방문
168,7410.0,7.0,13.0,30대,실버,재방문
169,7728.0,7.0,7.0,20대,실버,재방문
170,7389.0,5.0,12.0,50대이상,일반,재방문
171,4275.0,10.0,16.0,40대,실버,재방문
172,8955.0,2.0,12.0,20대,골드,비재방문
173,4842.0,5.0,0.0,40대,실버,재방문
174,7489.0,5.0,19.0,30대,골드,재방문
175,12565.0,8.0,7.0,40대,일반,재방문
176,6988.0,4.0,5.0,40대,일반,비재방문
177,4817.0,8.0,7.0,30대,실버,재방문
178,8658.0,10.0,16.0,50대이상,일반,재방문
179,8412.0,2.0,6.0,20대,실버,재방문
180,7799.0,7.0,8.0,50대이상,실버,비재방문
181,9588.0,0.0,9.0,30대,일반,비재방문
182,8554.0,2.0,4.0,30대,일반,재방문
183,5918.0,4.0,6.0,30대,일반,재방문
184,7340.0,4.0,2.0,20대,일반,재방문
185,9172.0,8.0,13.0,30대,일반,비재방문
186,9222.0,1.0,4.0,20대,골드,재방문
187,11283.0,5.0,14.0,50대이상,골드,재방문
188,9957.0,5.0,16.0,50대이상,일반,재방문
189,9886.0,6.0,24.0,30대,일반,재방문
190,3389.0,5.0,7.0,30대,일반,재방문
191,11569.0,9.0,10.0,20대,골드,재방문
192,7859.0,7.0,4.0,30대,골드,재방문
193,7809.0,5.0,13.0,30대,일반,재방문
194,4567.0,6.0,11.0,,일반,재방문
195,6269.0,2.0,12.0,40대,일반,재방문
196,4788.0,9.0,15.0,50대이상,실버,재방문
197,8700.0,9.0,25.0,30대,일반,재방문
198,6647.0,3.0,19.0,30대,실버,재방문
199,6510.0,3.0,7.0,30대,실버,재방문
200,5315.0,6.0,10.0,20대,일반,재방문
201,10148.0,4.0,10.0,30대,골드,재방문
202,4644.0,3.0,7.0,50대이상,실버,재방문
203,9110.0,7.0,7.0,50대이상,일반,재방문
204,6870.0,6.0,4.0,20대,실버,재방문
205,9978.0,6.0,17.0,30대,골드,재방문
206,9495.0,5.0,12.0,30대,일반,재방문
207,7863.0,4.0,5.0,40대,실버,재방문
208,5295.0,2.0,20.0,50대이상,일반,재방문
209,6187.0,6.0,26.0,20대,일반,재방문
210,6037.0,8.0,16.0,30대,일반,재방문
211,5631.0,0.0,14.0,20대,일반,재방문
212,8591.0,3.0,7.0,20대,일반,재방문
213,9222.0,1.0,6.0,20대,일반,재방문
214,6225.0,3.0,5.0,30대,일반,비재방문
215,8311.0,3.0,15.0,50대이상,일반,재방문
216,7125.0,6.0,12.0,20대,실버,재방문
217,5646.0,4.0,2.0,20대,실버,비재방문
218,11032.0,2.0,12.0,20대,일반,재방문
219,7478.0,3.0,0.0,30대,실버,재방문
220,6364.0,-0.0,1.0,20대,실버,재방문
221,4775.0,6.0,12.0,30대,골드,재방문
222,7073.0,4.0,8.0,40대,실버,재방문
223,3686.0,4.0,4.0,20대,일반,비재방문
224,11312.0,5.0,4.0,30대,실버,재방문
225,9302.0,7.0,9.0,20대,일반,재방문
226,6157.0,7.0,11.0,30대,실버,재방문
227,8449.0,0.0,0.0,30대,실버,비재방문
228,7202.0,4.0,6.0,20대,일반,비재방문
229,4097.0,5.0,17.0,30대,일반,재방문
230,6803.0,7.0,22.0,20대,실버,비재방문
231,10574.0,5.0,16.0,40대,골드,재방문
232,10297.0,9.0,6.0,40대,골드,재방문
233,6747.0,4.0,14.0,20대,일반,재방문
234,6672.0,6.0,18.0,20대,일반,재방문
235,1762.0,6.0,10.0,20대,실버,재방문
236,8746.0,8.0,9.0,30대,일반,재방문
237,9674.0,0.0,0.0,30대,골드,비재방문
238,10478.0,3.0,24.0,50대이상,일반,재방문
239,9740.0,2.0,13.0,30대,실버,재방문
240,2480.0,9.0,7.0,20대,일반,재방문
241,7811.0,-0.0,1.0,20대,일반,비재방문
242,10216.0,4.0,3.0,30대,실버,재방문
243,7551.0,9.0,8.0,20대,일반,재방문
244,8609.0,7.0,9.0,30대,골드,재방문
245,3881.0,0.0,5.0,40대,골드,비재방문
246,13247.0,10.0,11.0,20대,실버,재방문
247,3615.0,5.0,7.0,20대,실버,재방문
248,3784.0,8.0,10.0,30대,일반,재방문
249,6809.0,5.0,10.0,20대,일반,재방문
250,8592.0,5.0,9.0,20대,골드,재방문
251,9357.0,8.0,9.0,50대이상,실버,재방문
252,5239.0,5.0,5.0,40대,골드,재방문
253,5403.0,10.0,12.0,20대,일반,재방문
254,8664.0,9.0,9.0,30대,일반,재방문
255,5477.0,1.0,18.0,20대,일반,재방문
256,12141.0,5.0,10.0,20대,실버,재방문
257,5688.0,8.0,16.0,30대,실버,재방문
258,13228.0,7.0,20.0,50대이상,실버,재방문
259,8613.0,6.0,12.0,40대,일반,재방문
260,3576.0,9.0,8.0,40대,실버,재방문
261,13321.0,8.0,7.0,20대,골드,재방문
262,5229.0,0.0,15.0,50대이상,골드,비재방문
263,8898.0,3.0,12.0,30대,실버,비재방문
264,6123.0,5.0,13.0,30대,골드,재방문
265,5987.0,5.0,12.0,20대,실버,재방문
266,6989.0,6.0,17.0,40대,실버,재방문
267,9349.0,5.0,0.0,30대,실버,재방문
268,7187.0,2.0,12.0,,일반,재방문
269,7412.0,7.0,18.0,30대,일반,재방문
270,8140.0,8.0,16.0,30대,실버,재방문
271,7352.0,7.0,0.0,20대,실버,재방문
272,7329.0,2.0,5.0,40대,실버,비재방문
273,11362.0,-0.0,8.0,50대이상,실버,재방문
274,11475.0,9.0,8.0,30대,일반,재방문
275,5375.0,5.0,13.0,30대,일반,재방문
276,14891.0,2.0,0.0,30대,일반,재방문
277,7072.0,4.0,17.0,20대,일반,재방문
278,8798.0,6.0,9.0,40대,실버,재방문
279,8439.0,5.0,11.0,20대,골드,재방문
280,6876.0,5.0,22.0,30대,실버,재방문
281,11236.0,3.0,10.0,40대,골드,재방문
282,7422.0,3.0,7.0,20대,일반,재방문
283,6150.0,3.0,11.0,50대이상,일반,재방문
284,7074.0,5.0,6.0,20대,일반,재방문
285,2027.0,4.0,23.0,30대,골드,재방문
286,11793.0,7.0,11.0,30대,일반,재방문
287,8230.0,5.0,11.0,30대,실버,재방문
288,9102.0,3.0,4.0,30대,일반,비재방문
289,10255.0,6.0,9.0,30대,실버,재방문
290,7769.0,9.0,11.0,20대,일반,재방문
291,7285.0,6.0,14.0,40대,일반,재방문
292,7181.0,5.0,6.0,30대,일반,재방문
293,6350.0,9.0,9.0,30대,일반,재방문
294,9630.0,6.0,11.0,40대,골드,재방문
295,13673.0,7.0,15.0,20대,일반,재방문
296,9988.0,8.0,7.0,30대,골드,재방문
297,7149.0,5.0,14.0,30대,실버,재방문
298,7641.0,7.0,18.0,30대,실버,재방문
299,6707.0,5.0,9.0,20대,일반,재방문
300,5810.0,4.0,12.0,30대,실버,재방문
301,8527.0,5.0,16.0,30대,골드,재방문
302,6644.0,4.0,6.0,40대,일반,재방문
303,5728.0,2.0,6.0,30대,실버,재방문
304,8299.0,9.0,6.0,40대,일반,재방문
305,8872.0,4.0,8.0,30대,일반,재방문
306,2964.0,7.0,12.0,30대,실버,재방문
307,6711.0,1.0,4.0,50대이상,일반,비재방문
308,6253.0,8.0,3.0,30대,일반,재방문
309,9676.0,5.0,11.0,30대,실버,재방문
310,12112.0,5.0,14.0,20대,골드,재방문
311,10546.0,4.0,11.0,,골드,재방문
312,4904.0,7.0,22.0,20대,일반,재방문
313,7409.0,1.0,11.0,20대,일반,재방문
314,6610.0,5.0,5.0,30대,실버,재방문
315,6731.0,4.0,17.0,30대,골드,재방문
316,10155.0,6.0,19.0,50대이상,일반,재방문
317,8813.0,7.0,8.0,40대,일반,재방문
318,9775.0,8.0,8.0,,골드,비재방문
319,9044.0,8.0,7.0,40대,골드,재방문
320,11130.0,4.0,9.0,30대,골드,재방문
321,9698.0,0.0,13.0,40대,일반,재방문
322,9711.0,7.0,0.0,30대,실버,재방문
323,6868.0,4.0,4.0,30대,골드,재방문
324,5817.0,5.0,7.0,20대,실버,재방문
325,6046.0,5.0,16.0,40대,일반,재방문
326,6074.0,2.0,11.0,40대,일반,재방문
327,5278.0,7.0,20.0,20대,실버,재방문
328,8775.0,7.0,13.0,20대,일반,재방문
329,10257.0,5.0,16.0,20대,골드,재방문
330,10256.0,1.0,17.0,30대,골드,재방문
331,7676.0,8.0,9.0,40대,골드,재방문
332,8516.0,9.0,15.0,40대,실버,재방문
333,5298.0,3.0,18.0,20대,골드,재방문
334,6045.0,1.0,3.0,50대이상,골드,재방문
335,7991.0,3.0,11.0,30대,실버,재방문
336,13052.0,5.0,7.0,20대,골드,재방문
337,8872.0,8.0,1.0,20대,실버,재방문
338,7103.0,7.0,6.0,40대,실버,재방문
339,5786.0,5.0,5.0,20대,일반,재방문
340,8973.0,9.0,18.0,30대,골드,재방문
341,7363.0,1.0,10.0,40대,일반,재방문
342,10691.0,12.0,3.0,20대,실버,재방문
343,9391.0,8.0,10.0,30대,일반,재방문
344,7161.0,5.0,-0.0,30대,실버,재방문
345,10791.0,8.0,6.0,50대이상,실버,재방문
346,5630.0,8.0,6.0,50대이상,골드,재방문
347,4978.0,6.0,12.0,20대,실버,재방문
348,8013.0,5.0,20.0,40대,일반,재방문
349,4280.0,8.0,3.0,20대,일반,재방문
350,8874.0,6.0,8.0,50대이상,일반,재방문
351,11957.0,3.0,10.0,30대,골드,재방문
352,5163.0,4.0,0.0,40대,일반,재방문
353,9016.0,5.0,8.0,40대,일반,재방문
354,5414.0,2.0,9.0,20대,일반,재방문
355,5708.0,5.0,7.0,20대,실버,재방문
356,4548.0,7.0,10.0,,실버,재방문
357,8617.0,7.0,11.0,30대,실버,재방문
358,7302.0,2.0,5.0,20대,일반,재방문
359,9602.0,7.0,3.0,30대,골드,재방문
360,8249.0,6.0,14.0,40대,일반,재방문
361,7810.0,7.0,13.0,40대,실버,재방문
362,9074.0,1.0,4.0,20대,실버,비재방문
363,8636.0,-0.0,18.0,30대,골드,재방문
364,4453.0,4.0,9.0,40대,골드,재방문
365,7487.0,6.0,8.0,20대,일반,재방문
366,4678.0,5.0,27.0,20대,일반,재방문
367,13502.0,0.0,9.0,20대,일반,비재방문
368,7696.0,7.0,14.0,20대,실버,재방문
369,8863.0,8.0,8.0,50대이상,실버,재방문
370,9023.0,8.0,20.0,20대,실버,재방문
371,2737.0,12.0,0.0,50대이상,일반,재방문
372,11009.0,5.0,17.0,,골드,재방문
373,6740.0,9.0,10.0,20대,일반,재방문
374,11301.0,4.0,14.0,40대,일반,재방문
375,4198.0,3.0,16.0,20대,실버,비재방문
376,6207.0,3.0,13.0,20대,일반,비재방문
377,6214.0,6.0,3.0,30대,골드,재방문
378,12969.0,4.0,6.0,20대,일반,재방문
379,6406.0,7.0,16.0,20대,일반,재방문
380,11187.0,9.0,19.0,40대,실버,재방문
381,8835.0,4.0,9.0,20대,일반,재방문
382,11552.0,6.0,8.0,30대,실버,재방문
383,9154.0,3.0,8.0,20대,실버,재방문
384,10443.0,7.0,15.0,40대,실버,재방문
385,6342.0,3.0,11.0,50대이상,일반,재방문
386,7875.0,6.0,9.0,30대,일반,재방문
387,8305.0,5.0,12.0,50대이상,일반,재방문
388,9541.0,4.0,7.0,30대,실버,재방문
389,8235.0,4.0,6.0,20대,실버,재방문
390,9976.0,6.0,7.0,30대,일반,재방문
391,9418.0,5.0,9.0,20대,골드,비재방문
392,8370.0,3.0,10.0,30대,일반,재방문
393,8111.0,4.0,5.0,30대,일반,재방문
394,5881.0,6.0,14.0,30대,일반,재방문
395,6755.0,-0.0,7.0,40대,실버,재방문
396,10699.0,2.0,11.0,40대,일반,재방문
397,7644.0,2.0,10.0,40대,실버,재방문
398,11002.0,6.0,13.0,20대,골드,재방문
399,4087.0,1.0,27.0,30대,골드,재방문
400,8523.0,6.0,13.0,40대,실버,재방문
401,7534.0,7.0,15.0,20대,실버,재방문
402,6867.0,2.0,11.0,20대,골드,재방문
403,4161.0,6.0,9.0,30대,실버,재방문
404,7092.0,7.0,5.0,30대,일반,재방문
405,5603.0,4.0,0.0,40대,일반,재방문
406,7488.0,5.0,9.0,30대,일반,재방문
407,7714.0,5.0,12.0,30대,실버,재방문
408,8725.0,5.0,14.0,30대,일반,재방문
409,3137.0,4.0,4.0,30대,실버,재방문
410,7880.0,7.0,24.0,30대,실버,비재방문
411,7034.0,-0.0,11.0,30대,골드,재방문
412,9535.0,8.0,7.0,50대이상,일반,재방문
413,6639.0,6.0,8.0,30대,실버,재방문
414,6408.0,5.0,6.0,20대,일반,비재방문
415,10887.0,8.0,3.0,30대,일반,재방문
416,9052.0,3.0,4.0,40대,골드,재방문
417,4093.0,2.0,14.0,20대,일반,재방문
418,8316.0,5.0,11.0,30대,일반,재방문
419,6444.0,6.0,13.0,30대,일반,재방문
420,5349.0,5.0,11.0,30대,일반,재방문
421,6602.0,5.0,13.0,30대,골드,재방문
422,4254.0,4.0,9.0,40대,골드,비재방문
423,6624.0,8.0,0.0,30대,골드,재방문
424,9189.0,1.0,15.0,20대,일반,재방문
425,9321.0,3.0,7.0,50대이상,실버,재방문
426,4854.0,7.0,0.0,50대이상,일반,재방문
427,13072.0,6.0,11.0,30대,골드,재방문
428,6549.0,7.0,9.0,20대,일반,재방문
429,5267.0,10.0,16.0,40대,골드,재방문
430,9447.0,2.0,2.0,20대,일반,재방문
431,10650.0,1.0,15.0,50대이상,실버,재방문
432,7473.0,0.0,2.0,30대,일반,재방문
433,5558.0,6.0,5.0,30대,실버,재방문
434,4276.0,6.0,2.0,20대,일반,재방문
435,7602.0,4.0,14.0,20대,실버,재방문
436,4374.0,5.0,0.0,20대,실버,재방문
437,8133.0,5.0,4.0,40대,실버,재방문
438,8814.0,7.0,3.0,20대,일반,재방문
439,9599.0,4.0,3.0,30대,실버,재방문
440,5542.0,3.0,10.0,20대,일반,재방문
441,10634.0,7.0,16.0,50대이상,일반,재방문
442,6810.0,10.0,19.0,20대,골드,재방문
443,5859.0,9.0,12.0,40대,실버,재방문
444,4854.0,2.0,2.0,30대,실버,재방문
445,8547.0,6.0,9.0,30대,일반,재방문
446,10009.0,6.0,6.0,30대,일반,재방문
447,4272.0,6.0,7.0,30대,골드,재방문
448,11511.0,5.0,11.0,20대,일반,비재방문
449,6697.0,1.0,-0.0,20대,실버,재방문
450,10275.0,6.0,8.0,40대,실버,재방문
451,9269.0,3.0,19.0,40대,일반,재방문
452,7170.0,6.0,17.0,50대이상,일반,재방문
453,11995.0,1.0,6.0,30대,실버,재방문
454,8755.0,1.0,10.0,30대,일반,재방문
455,7404.0,2.0,10.0,30대,일반,재방문
456,6042.0,4.0,12.0,20대,골드,재방문
457,8869.0,3.0,11.0,20대,실버,재방문
458,8917.0,5.0,6.0,30대,일반,재방문
459,9873.0,3.0,19.0,30대,골드,재방문
460,7523.0,7.0,13.0,40대,실버,재방문
461,8072.0,5.0,4.0,30대,일반,재방문
462,10927.0,5.0,10.0,30대,일반,재방문
463,7107.0,6.0,20.0,50대이상,일반,재방문
464,8102.0,3.0,13.0,30대,일반,재방문
465,4682.0,9.0,19.0,20대,실버,재방문
466,9848.0,4.0,13.0,30대,일반,재방문
467,10341.0,4.0,7.0,,실버,재방문
468,10222.0,9.0,10.0,30대,일반,재방문
469,7830.0,0.0,11.0,50대이상,일반,재방문
470,5244.0,6.0,5.0,50대이상,일반,재방문
471,4605.0,1.0,8.0,30대,실버,재방문
472,9905.0,2.0,12.0,30대,일반,재방문
473,9059.0,3.0,20.0,40대,일반,재방문
474,11952.0,5.0,3.0,20대,일반,재방문
475,12019.0,4.0,6.0,20대,골드,재방문
476,6791.0,1.0,13.0,20대,실버,재방문
477,6410.0,8.0,13.0,30대,일반,비재방문
478,5751.0,10.0,7.0,40대,골드,재방문
479,11341.0,8.0,6.0,30대,일반,재방문
480,11750.0,8.0,0.0,20대,일반,재방문
481,9254.0,6.0,2.0,,일반,재방문
482,10888.0,6.0,21.0,30대,골드,재방문
483,6693.0,6.0,11.0,20대,실버,재방문
484,10671.0,3.0,25.0,50대이상,일반,재방문
485,10177.0,4.0,7.0,30대,실버,재방문
486,2439.0,9.0,8.0,40대,골드,재방문
487,9394.0,5.0,7.0,20대,일반,재방문
488,9300.0,2.0,3.0,40대,실버,재방문
489,7248.0,0.0,15.0,50대이상,골드,재방문
490,11309.0,4.0,4.0,20대,일반,재방문
491,6706.0,2.0,13.0,50대이상,일반,재방문
492,4605.0,6.0,11.0,40대,골드,비재방문
493,11993.0,6.0,12.0,30대,실버,재방문
494,7409.0,6.0,7.0,40대,일반,재방문
495,9199.0,6.0,16.0,20대,실버,재방문
496,11351.0,4.0,20.0,20대,실버,재방문
497,10545.0,8.0,19.0,40대,일반,재방문
498,9959.0,6.0,2.0,30대,골드,재방문
499,10347.0,3.0,1.0,20대,일반,재방문
500,7628.0,9.0,11.0,30대,실버,재방문
501,7358.0,3.0,12.0,30대,일반,재방문
502,4600.0,4.0,14.0,20대,일반,재방문
503,10765.0,2.0,5.0,20대,실버,재방문
504,9848.0,3.0,5.0,50대이상,골드,재방문
505,10042.0,9.0,24.0,30대,일반,재방문
506,5329.0,2.0,10.0,20대,일반,비재방문
507,9467.0,4.0,12.0,30대,실버,재방문
508,4274.0,5.0,0.0,40대,실버,재방문
509,8671.0,4.0,15.0,40대,실버,재방문
510,8158.0,4.0,15.0,30대,일반,재방문
511,6206.0,-0.0,10.0,30대,실버,재방문
512,6395.0,7.0,8.0,40대,일반,비재방문
513,5491.0,11.0,9.0,20대,실버,재방문
514,13593.0,9.0,4.0,40대,일반,재방문
515,7771.0,7.0,20.0,30대,골드,재방문
516,9525.0,3.0,15.0,30대,골드,재방문
517,8226.0,6.0,17.0,20대,실버,재방문
518,12786.0,6.0,7.0,30대,일반,재방문
519,1407.0,7.0,9.0,40대,골드,재방문
520,8806.0,6.0,10.0,20대,일반,재방문
521,5453.0,9.0,12.0,20대,골드,재방문
522,10351.0,-0.0,20.0,40대,일반,재방문
523,9544.0,8.0,15.0,50대이상,일반,재방문
524,11139.0,4.0,13.0,30대,실버,재방문
525,9345.0,6.0,1.0,30대,일반,재방문
526,8734.0,6.0,0.0,20대,골드,재방문
527,11296.0,6.0,8.0,30대,일반,재방문
528,6058.0,2.0,7.0,50대이상,실버,재방문
529,9047.0,7.0,10.0,30대,일반,재방문
530,9849.0,4.0,4.0,,일반,재방문
531,9038.0,0.0,1.0,30대,일반,재방문
532,7070.0,6.0,24.0,30대,실버,재방문
533,3316.0,5.0,-0.0,50대이상,실버,재방문
534,6710.0,6.0,17.0,50대이상,일반,재방문
535,4051.0,3.0,4.0,30대,일반,재방문
536,2313.0,8.0,8.0,20대,일반,재방문
537,10466.0,7.0,9.0,30대,골드,재방문
538,5886.0,2.0,0.0,50대이상,일반,비재방문
539,9616.0,3.0,13.0,30대,실버,재방문
540,8231.0,5.0,21.0,40대,일반,재방문
541,9641.0,6.0,12.0,30대,일반,재방문
542,8046.0,6.0,1.0,30대,골드,재방문
543,5283.0,8.0,8.0,50대이상,골드,재방문
544,4658.0,4.0,12.0,20대,골드,재방문
545,9902.0,9.0,21.0,30대,골드,재방문
546,5823.0,4.0,16.0,20대,일반,비재방문
547,7806.0,9.0,5.0,30대,골드,재방문
548,7543.0,5.0,0.0,50대이상,일반,재방문
549,13256.0,6.0,3.0,50대이상,일반,재방문
550,7652.0,2.0,7.0,20대,일반,재방문
551,9425.0,0.0,2.0,30대,일반,재방문
552,11771.0,4.0,16.0,20대,일반,재방문
553,9656.0,4.0,0.0,40대,일반,재방문
554,7432.0,4.0,3.0,40대,골드,비재방문
555,6670.0,7.0,8.0,20대,실버,재방문
556,8094.0,7.0,19.0,20대,실버,재방문
557,7896.0,6.0,11.0,20대,실버,재방문
558,12591.0,4.0,15.0,30대,실버,재방문
559,8925.0,6.0,1.0,30대,일반,재방문
560,9605.0,3.0,11.0,30대,실버,재방문
561,4854.0,4.0,15.0,50대이상,골드,재방문
562,8756.0,7.0,20.0,20대,골드,재방문
563,8222.0,2.0,9.0,30대,일반,재방문
564,9525.0,0.0,12.0,30대,일반,재방문
565,6560.0,8.0,23.0,20대,일반,재방문
566,6521.0,4.0,5.0,50대이상,골드,재방문
567,5778.0,2.0,0.0,20대,일반,재방문
568,9613.0,5.0,19.0,30대,골드,재방문
569,9172.0,7.0,19.0,30대,일반,재방문
570,2612.0,3.0,16.0,30대,일반,재방문
571,3270.0,5.0,12.0,40대,일반,재방문
572,6850.0,4.0,18.0,30대,실버,재방문
573,11478.0,1.0,5.0,50대이상,일반,재방문
574,8616.0,3.0,7.0,40대,일반,재방문
575,16217.0,4.0,10.0,30대,실버,재방문
576,11901.0,5.0,15.0,20대,골드,재방문
577,8713.0,4.0,13.0,30대,일반,재방문
578,8566.0,2.0,18.0,40대,일반,재방문
579,3306.0,6.0,7.0,30대,일반,재방문
580,4543.0,3.0,14.0,50대이상,일반,재방문
581,7298.0,10.0,9.0,50대이상,실버,재방문
582,6975.0,5.0,14.0,30대,일반,재방문
583,4836.0,5.0,3.0,30대,일반,비재방문
584,9418.0,6.0,10.0,,일반,재방문
585,11375.0,3.0,12.0,40대,골드,재방문
586,7341.0,3.0,9.0,30대,일반,재방문
587,7107.0,9.0,7.0,30대,일반,재방문
588,10129.0,4.0,7.0,50대이상,실버,재방문
589,6104.0,2.0,11.0,40대,실버,재방문
590,6050.0,9.0,14.0,20대,실버,재방문
591,7121.0,7.0,5.0,30대,일반,재방문
592,9668.0,5.0,19.0,20대,일반,재방문
593,8521.0,3.0,6.0,30대,일반,재방문
594,7137.0,8.0,9.0,20대,일반,재방문
595,12369.0,3.0,15.0,20대,골드,재방문
596,9656.0,7.0,4.0,30대,일반,재방문
597,10044.0,9.0,0.0,50대이상,실버,재방문
598,3627.0,4.0,18.0,30대,실버,재방문
599,9556.0,4.0,10.0,20대,실버,재방문
600,6607.0,1.0,7.0,,골드,재방문
601,6270.0,6.0,16.0,20대,일반,재방문
602,8782.0,6.0,6.0,20대,실버,재방문
603,4324.0,4.0,10.0,30대,실버,재방문
604,8721.0,0.0,17.0,,실버,재방문
605,8868.0,5.0,16.0,20대,일반,재방문
606,13618.0,2.0,13.0,20대,실버,재방문
607,10197.0,6.0,16.0,30대,골드,재방문
608,9511.0,2.0,3.0,,일반,재방문
609,5582.0,3.0,7.0,40대,실버,재방문
610,6921.0,3.0,4.0,30대,실버,재방문
611,8638.0,3.0,13.0,20대,일반,재방문
612,10700.0,5.0,18.0,30대,실버,재방문
613,11696.0,3.0,5.0,30대,실버,재방문
614,17627.0,5.0,12.0,20대,일반,비재방문
615,6279.0,6.0,10.0,30대,골드,재방문
616,6124.0,9.0,11.0,,실버,재방문
617,8882.0,6.0,7.0,50대이상,실버,재방문
618,7632.0,6.0,12.0,30대,일반,재방문
619,8619.0,5.0,11.0,40대,실버,재방문
620,10884.0,6.0,16.0,40대,실버,재방문
621,6906.0,6.0,16.0,30대,실버,재방문
622,3156.0,6.0,1.0,20대,골드,재방문
623,6915.0,2.0,6.0,30대,실버,재방문
624,5141.0,8.0,17.0,50대이상,일반,재방문
625,7061.0,7.0,16.0,30대,골드,재방문
626,11944.0,6.0,2.0,50대이상,일반,재방문
627,4930.0,7.0,19.0,40대,일반,재방문
628,8431.0,5.0,20.0,20대,일반,비재방문
629,5566.0,4.0,6.0,50대이상,실버,재방문
630,3907.0,6.0,9.0,30대,일반,재방문
631,8845.0,8.0,11.0,,일반,재방문
632,7579.0,8.0,20.0,30대,실버,재방문
633,4301.0,2.0,3.0,30대,일반,비재방문
634,9761.0,6.0,16.0,30대,실버,재방문
635,9473.0,6.0,6.0,40대,일반,비재방문
636,6597.0,4.0,9.0,30대,골드,비재방문
637,5565.0,1.0,5.0,30대,실버,재방문
638,8866.0,6.0,0.0,50대이상,일반,재방문
639,5891.0,0.0,14.0,20대,일반,재방문
640,9362.0,9.0,19.0,20대,일반,재방문
641,9355.0,2.0,3.0,20대,실버,재방문
642,6608.0,4.0,0.0,50대이상,일반,비재방문
643,10217.0,5.0,13.0,30대,골드,재방문
644,6924.0,4.0,20.0,40대,실버,재방문
645,5399.0,9.0,11.0,40대,골드,재방문
646,6843.0,9.0,9.0,20대,일반,재방문
647,10382.0,3.0,7.0,20대,일반,재방문
648,12062.0,4.0,14.0,20대,일반,재방문
649,9596.0,6.0,13.0,40대,일반,재방문
650,5157.0,10.0,13.0,30대,일반,재방문
651,10347.0,3.0,21.0,40대,실버,비재방문
652,5111.0,8.0,10.0,30대,실버,재방문
653,9681.0,2.0,10.0,50대이상,일반,재방문
654,7758.0,9.0,15.0,20대,일반,재방문
655,9329.0,6.0,9.0,30대,골드,재방문
656,4062.0,5.0,6.0,20대,실버,재방문
657,12716.0,8.0,7.0,40대,실버,재방문
658,12137.0,3.0,19.0,40대,실버,재방문
659,9402.0,8.0,2.0,40대,일반,재방문
660,7295.0,1.0,11.0,40대,일반,비재방문
661,9745.0,5.0,20.0,30대,일반,재방문
662,9653.0,4.0,13.0,30대,골드,재방문
663,8762.0,9.0,16.0,20대,일반,재방문
664,6919.0,4.0,5.0,20대,일반,재방문
665,6982.0,0.0,11.0,40대,일반,비재방문
666,7809.0,6.0,10.0,40대,일반,재방문
667,5900.0,5.0,0.0,40대,일반,재방문
668,9364.0,5.0,12.0,30대,실버,재방문
669,11565.0,10.0,23.0,20대,일반,재방문
670,5824.0,7.0,8.0,30대,실버,재방문
671,6297.0,7.0,19.0,20대,실버,재방문
672,6987.0,9.0,7.0,30대,일반,재방문
673,9953.0,2.0,0.0,50대이상,일반,재방문
674,7729.0,3.0,0.0,20대,일반,비재방문
675,9654.0,1.0,13.0,40대,일반,재방문
676,6340.0,9.0,16.0,20대,일반,재방문
677,5757.0,2.0,16.0,50대이상,골드,재방문
678,9254.0,4.0,2.0,20대,일반,재방문
679,9097.0,6.0,10.0,40대,일반,재방문
680,9749.0,5.0,2.0,30대,실버,재방문
681,3881.0,10.0,17.0,40대,일반,재방문
682,6589.0,4.0,12.0,20대,실버,재방문
683,7699.0,4.0,9.0,30대,일반,재방문
684,3039.0,2.0,5.0,20대,일반,재방문
685,5049.0,4.0,11.0,40대,골드,재방문
686,11973.0,3.0,9.0,20대,골드,재방문
687,7742.0,4.0,0.0,50대이상,일반,재방문
688,7786.0,10.0,20.0,30대,골드,재방문
689,10498.0,6.0,18.0,20대,일반,재방문
690,11867.0,4.0,10.0,50대이상,골드,재방문
691,10787.0,5.0,8.0,50대이상,골드,재방문
692,8876.0,4.0,15.0,50대이상,골드,재방문
693,9604.0,4.0,11.0,50대이상,실버,재방문
694,8053.0,3.0,20.0,40대,일반,재방문
695,9876.0,5.0,1.0,40대,일반,재방문
696,5749.0,4.0,7.0,20대,일반,재방문
697,6496.0,7.0,12.0,20대,실버,재방문
698,9706.0,6.0,17.0,30대,일반,재방문
699,8364.0,4.0,6.0,20대,골드,재방문
700,9055.0,6.0,15.0,20대,일반,재방문
701,8022.0,7.0,14.0,30대,일반,재방문
702,9638.0,2.0,2.0,30대,일반,재방문
703,7211.0,7.0,13.0,30대,골드,재방문
704,13190.0,10.0,16.0,20대,실버,재방문
705,8066.0,0.0,2.0,20대,실버,재방문
706,8991.0,4.0,11.0,50대이상,일반,재방문
707,10283.0,10.0,16.0,40대,실버,재방문
708,6638.0,5.0,8.0,20대,일반,재방문
709,8681.0,6.0,11.0,30대,골드,재방문
710,6984.0,6.0,8.0,20대,골드,재방문
711,8636.0,8.0,4.0,30대,실버,재방문
712,6868.0,5.0,3.0,20대,골드,재방문
713,11180.0,-0.0,12.0,20대,일반,재방문
714,9785.0,7.0,10.0,20대,실버,재방문
715,7567.0,9.0,10.0,30대,일반,재방문
716,11824.0,9.0,10.0,20대,일반,재방문
717,9627.0,5.0,14.0,20대,일반,재방문
718,8038.0,6.0,13.0,30대,일반,재방문
719,6378.0,6.0,2.0,30대,일반,재방문
720,7468.0,3.0,4.0,40대,일반,재방문
721,6755.0,5.0,6.0,30대,골드,재방문
722,3570.0,7.0,20.0,30대,일반,재방문
723,7901.0,3.0,6.0,40대,실버,재방문
724,3719.0,2.0,0.0,50대이상,골드,재방문
725,8614.0,2.0,0.0,20대,일반,재방문
726,7297.0,6.0,11.0,40대,실버,재방문
727,9126.0,8.0,9.0,20대,실버,재방문
728,7498.0,4.0,2.0,50대이상,골드,비재방문
729,6630.0,6.0,10.0,30대,일반,재방문
730,4260.0,0.0,11.0,40대,실버,재방문
731,6915.0,2.0,6.0,20대,골드,재방문
732,9434.0,7.0,14.0,20대,실버,재방문
733,1709.0,6.0,18.0,40대,일반,재방문
734,12472.0,6.0,10.0,50대이상,실버,재방문
735,8004.0,5.0,11.0,30대,실버,재방문
736,9729.0,6.0,6.0,40대,일반,재방문
737,7721.0,2.0,7.0,20대,골드,재방문
738,8802.0,5.0,5.0,30대,골드,재방문
739,9460.0,4.0,12.0,30대,일반,재방문
740,6900.0,3.0,11.0,30대,일반,재방문
741,10312.0,7.0,6.0,30대,일반,재방문
742,10525.0,5.0,13.0,50대이상,골드,재방문
743,4414.0,7.0,5.0,20대,실버,재방문
744,8150.0,7.0,2.0,20대,일반,재방문
745,8389.0,4.0,15.0,20대,골드,재방문
746,9406.0,5.0,7.0,50대이상,골드,재방문
747,5867.0,4.0,3.0,20대,실버,재방문
748,6761.0,8.0,2.0,30대,실버,재방문
749,7060.0,3.0,0.0,20대,골드,재방문
750,8733.0,6.0,7.0,30대,일반,재방문
751,13175.0,6.0,13.0,30대,일반,재방문
752,8718.0,6.0,11.0,20대,일반,재방문
753,7334.0,3.0,11.0,50대이상,골드,재방문
754,10385.0,7.0,12.0,20대,일반,재방문
755,7009.0,1.0,6.0,40대,골드,재방문
756,8542.0,4.0,11.0,20대,일반,재방문
757,9712.0,4.0,8.0,50대이상,일반,재방문
758,2783.0,5.0,3.0,30대,일반,재방문
759,7328.0,3.0,5.0,40대,일반,재방문
760,12546.0,5.0,9.0,30대,실버,재방문
761,9481.0,6.0,3.0,30대,실버,재방문
762,7602.0,8.0,-0.0,20대,실버,재방문
763,4876.0,1.0,8.0,40대,일반,재방문
764,11126.0,6.0,7.0,40대,실버,재방문
765,8758.0,7.0,13.0,30대,일반,재방문
766,9256.0,5.0,11.0,40대,일반,재방문
767,6781.0,5.0,16.0,30대,골드,재방문
768,13377.0,2.0,13.0,30대,일반,재방문
769,4882.0,7.0,5.0,20대,일반,재방문
770,7575.0,7.0,19.0,30대,일반,재방문
771,9484.0,8.0,4.0,40대,실버,재방문
772,9357.0,5.0,13.0,30대,일반,재방문
773,8575.0,9.0,10.0,50대이상,실버,재방문
774,7027.0,7.0,17.0,20대,일반,재방문
775,6561.0,3.0,3.0,20대,실버,재방문
776,3578.0,1.0,10.0,30대,일반,비재방문
777,6570.0,2.0,21.0,30대,골드,재방문
778,8368.0,9.0,1.0,20대,일반,재방문
779,5435.0,4.0,5.0,50대이상,골드,비재방문
780,4498.0,6.0,17.0,30대,골드,재방문
781,8980.0,6.0,8.0,40대,실버,재방문
782,10903.0,5.0,10.0,30대,실버,재방문
783,8528.0,6.0,13.0,20대,실버,재방문
784,6690.0,3.0,-0.0,40대,실버,재방문
785,10925.0,4.0,8.0,40대,실버,재방문
786,11837.0,5.0,7.0,40대,실버,재방문
787,8234.0,6.0,8.0,20대,실버,재방문
788,7043.0,7.0,8.0,20대,골드,재방문
789,13615.0,8.0,14.0,40대,골드,재방문
790,9535.0,8.0,15.0,20대,일반,재방문
791,8348.0,3.0,7.0,30대,골드,재방문
792,10162.0,6.0,9.0,30대,골드,비재방문
793,8045.0,8.0,19.0,50대이상,골드,재방문
794,8551.0,5.0,8.0,30대,실버,재방문
795,5868.0,5.0,10.0,20대,실버,재방문
796,10814.0,5.0,14.0,40대,실버,재방문
797,8940.0,3.0,4.0,30대,일반,재방문
798,5655.0,5.0,0.0,20대,골드,재방문
799,4485.0,1.0,12.0,30대,일반,재방문
800,9263.0,8.0,12.0,40대,일반,재방문
801,9622.0,9.0,17.0,20대,실버,재방문
802,7505.0,3.0,6.0,20대,실버,재방문
803,4143.0,7.0,9.0,50대이상,일반,재방문
804,7023.0,9.0,6.0,50대이상,실버,재방문
805,11322.0,4.0,15.0,30대,일반,재방문
806,3271.0,6.0,8.0,30대,일반,재방문
807,10832.0,4.0,8.0,40대,일반,재방문
808,13704.0,8.0,13.0,40대,일반,재방문
809,4114.0,5.0,12.0,40대,일반,재방문
810,7300.0,6.0,11.0,20대,일반,재방문
811,11966.0,2.0,11.0,30대,골드,재방문
812,7090.0,6.0,19.0,20대,실버,재방문
813,5771.0,8.0,10.0,50대이상,실버,재방문
814,9006.0,5.0,9.0,30대,일반,재방문
815,3224.0,2.0,24.0,30대,일반,재방문
816,8942.0,10.0,12.0,40대,실버,재방문
817,7194.0,2.0,13.0,50대이상,골드,재방문
818,6945.0,7.0,0.0,40대,실버,재방문
819,7030.0,5.0,11.0,50대이상,실버,재방문
820,8144.0,8.0,15.0,50대이상,일반,재방문
821,8890.0,10.0,7.0,,일반,재방문
822,8300.0,8.0,17.0,40대,실버,재방문
823,9132.0,6.0,0.0,20대,실버,재방문
824,7440.0,4.0,19.0,20대,일반,재방문
825,9644.0,3.0,13.0,20대,골드,재방문
826,8116.0,6.0,12.0,50대이상,일반,재방문
827,6145.0,9.0,16.0,40대,실버,재방문
828,7257.0,7.0,5.0,40대,실버,재방문
829,11166.0,2.0,-0.0,50대이상,일반,재방문
830,7806.0,5.0,8.0,30대,일반,재방문
831,8988.0,5.0,9.0,30대,일반,재방문
832,4163.0,4.0,6.0,20대,실버,재방문
833,3529.0,4.0,5.0,20대,일반,재방문
834,8840.0,7.0,23.0,30대,실버,재방문
835,4971.0,5.0,6.0,50대이상,일반,재방문
836,10580.0,5.0,9.0,40대,일반,재방문
837,5996.0,6.0,11.0,20대,실버,재방문
838,9104.0,3.0,13.0,40대,일반,재방문
839,11236.0,4.0,3.0,30대,일반,재방문
840,2290.0,8.0,9.0,30대,일반,재방문
841,7556.0,6.0,7.0,40대,실버,재방문
842,5569.0,2.0,10.0,50대이상,골드,재방문
843,11887.0,7.0,9.0,50대이상,골드,재방문
844,6522.0,5.0,7.0,30대,골드,재방문
845,12760.0,4.0,1.0,30대,골드,재방문
846,8641.0,0.0,0.0,30대,실버,재방문
847,5536.0,5.0,10.0,20대,골드,재방문
848,6565.0,3.0,18.0,30대,실버,재방문
849,10171.0,3.0,15.0,50대이상,골드,재방문
850,6335.0,2.0,13.0,50대이상,일반,재방문
851,8719.0,0.0,14.0,30대,실버,재방문
852,5329.0,5.0,21.0,30대,일반,재방문
853,7145.0,10.0,4.0,40대,실버,재방문
854,6693.0,5.0,11.0,20대,실버,재방문
855,8314.0,3.0,19.0,20대,골드,비재방문
856,5056.0,5.0,8.0,40대,일반,재방문
857,10605.0,5.0,6.0,50대이상,실버,재방문
858,7659.0,3.0,12.0,20대,일반,재방문
859,12699.0,7.0,23.0,40대,일반,재방문
860,9877.0,8.0,15.0,20대,실버,재방문
861,11608.0,10.0,11.0,40대,골드,재방문
862,3009.0,4.0,4.0,20대,골드,재방문
863,5668.0,3.0,5.0,20대,일반,재방문
864,6194.0,4.0,13.0,40대,일반,재방문
865,8322.0,4.0,13.0,20대,골드,재방문
866,6556.0,7.0,17.0,40대,일반,재방문
867,3576.0,5.0,5.0,30대,골드,재방문
868,9285.0,6.0,15.0,40대,골드,재방문
869,9953.0,2.0,8.0,50대이상,일반,재방문
870,9491.0,5.0,3.0,50대이상,일반,재방문
871,8837.0,4.0,15.0,30대,일반,재방문
872,9785.0,0.0,15.0,20대,골드,재방문
873,10584.0,7.0,11.0,30대,일반,재방문
874,7743.0,11.0,10.0,30대,실버,재방문
875,9675.0,4.0,19.0,50대이상,일반,재방문
876,8610.0,5.0,12.0,50대이상,골드,재방문
877,4482.0,7.0,4.0,50대이상,골드,재방문
878,8923.0,6.0,2.0,,실버,재방문
879,6705.0,8.0,8.0,40대,골드,재방문
880,10074.0,7.0,9.0,40대,일반,재방문
881,7406.0,4.0,7.0,40대,실버,재방문
882,11788.0,6.0,6.0,40대,일반,재방문
883,9047.0,1.0,3.0,30대,일반,재방문
884,7210.0,3.0,22.0,50대이상,실버,재방문
885,8284.0,8.0,8.0,50대이상,실버,재방문
886,5240.0,4.0,5.0,40대,실버,재방문
887,7123.0,6.0,1.0,20대,실버,재방문
888,9841.0,3.0,11.0,30대,실버,재방문
889,12013.0,2.0,11.0,50대이상,일반,재방문
890,10998.0,5.0,13.0,20대,실버,재방문
891,6003.0,5.0,11.0,40대,골드,재방문
892,7564.0,3.0,8.0,20대,일반,재방문
893,8668.0,6.0,8.0,30대,골드,재방문
894,10680.0,6.0,9.0,30대,일반,재방문
895,6795.0,7.0,9.0,30대,일반,재방문
896,6457.0,2.0,8.0,20대,실버,재방문
897,8555.0,4.0,14.0,20대,골드,재방문
898,10644.0,2.0,12.0,20대,골드,재방문
899,8754.0,4.0,12.0,30대,골드,재방문
900,12832.0,6.0,7.0,20대,일반,재방문
901,10969.0,5.0,14.0,30대,일반,재방문
902,8867.0,9.0,2.0,20대,일반,재방문
903,8934.0,4.0,11.0,30대,일반,재방문
904,6695.0,4.0,4.0,40대,실버,재방문
905,4832.0,4.0,9.0,40대,일반,재방문
906,6572.0,6.0,7.0,50대이상,일반,재방문
907,5956.0,5.0,11.0,40대,골드,비재방문
908,6027.0,6.0,0.0,30대,일반,재방문
909,9933.0,7.0,10.0,20대,일반,재방문
910,8652.0,5.0,3.0,40대,실버,재방문
911,6397.0,8.0,5.0,40대,일반,재방문
912,3883.0,6.0,12.0,30대,실버,재방문
913,10730.0,0.0,18.0,20대,일반,재방문
914,8434.0,3.0,4.0,50대이상,일반,재방문
915,902.0,3.0,5.0,30대,실버,비재방문
916,8310.0,3.0,17.0,40대,일반,재방문
917,11312.0,4.0,9.0,40대,일반,재방문
918,6321.0,3.0,6.0,40대,실버,재방문
919,6306.0,6.0,10.0,30대,실버,재방문
920,8442.0,-0.0,9.0,40대,일반,재방문
921,9111.0,6.0,6.0,30대,일반,재방문
922,8782.0,7.0,15.0,30대,일반,재방문
923,9860.0,2.0,12.0,20대,일반,재방문
924,9863.0,5.0,6.0,40대,실버,재방문
925,6263.0,6.0,23.0,20대,일반,재방문
926,12981.0,2.0,15.0,20대,골드,재방문
927,5915.0,7.0,17.0,20대,일반,재방문
928,3334.0,2.0,12.0,20대,실버,비재방문
929,8583.0,3.0,13.0,30대,일반,재방문
930,4463.0,4.0,4.0,20대,골드,재방문
931,9777.0,5.0,8.0,40대,골드,비재방문
932,9685.0,5.0,10.0,20대,일반,재방문
933,3947.0,7.0,15.0,20대,일반,재방문
934,8230.0,8.0,7.0,30대,실버,재방문
935,8128.0,1.0,8.0,40대,일반,재방문
936,6261.0,6.0,7.0,40대,일반,재방문
937,6619.0,2.0,24.0,30대,골드,재방문
938,3966.0,1.0,6.0,50대이상,일반,재방문
939,6735.0,6.0,14.0,20대,실버,재방문
940,6608.0,6.0,24.0,30대,일반,재방문
941,4687.0,8.0,9.0,50대이상,골드,재방문
942,8964.0,3.0,11.0,50대이상,일반,재방문
943,4732.0,4.0,14.0,50대이상,일반,재방문
944,13193.0,9.0,11.0,,일반,재방문
945,8417.0,4.0,8.0,50대이상,골드,재방문
946,6664.0,2.0,12.0,30대,골드,비재방문
947,7011.0,4.0,13.0,30대,일반,재방문
948,4705.0,1.0,13.0,40대,실버,비재방문
949,8267.0,1.0,0.0,30대,골드,재방문
950,4127.0,3.0,13.0,30대,일반,재방문
951,13135.0,10.0,9.0,30대,실버,재방문
952,8276.0,1.0,11.0,40대,실버,재방문
953,7592.0,6.0,17.0,40대,일반,비재방문
954,9438.0,9.0,8.0,30대,일반,재방문
955,8835.0,8.0,4.0,20대,일반,재방문
956,5848.0,2.0,15.0,20대,일반,재방문
957,7828.0,5.0,2.0,50대이상,일반,재방문
958,7683.0,5.0,17.0,50대이상,실버,재방문
959,5518.0,4.0,13.0,40대,실버,재방문
960,8810.0,5.0,1.0,50대이상,일반,재방문
961,4457.0,2.0,6.0,30대,일반,재방문
962,6547.0,3.0,9.0,30대,일반,재방문
963,9579.0,4.0,16.0,30대,일반,재방문
964,8756.0,5.0,13.0,30대,실버,재방문
965,10387.0,8.0,17.0,40대,일반,재방문
966,6353.0,8.0,7.0,40대,일반,재방문
967,7670.0,6.0,8.0,40대,실버,재방문
968,5831.0,5.0,17.0,20대,일반,재방문
969,14772.0,6.0,18.0,50대이상,일반,재방문
970,9264.0,1.0,10.0,40대,일반,재방문
971,5827.0,3.0,9.0,20대,일반,재방문
972,5571.0,6.0,14.0,40대,일반,재방문
973,8287.0,3.0,12.0,30대,골드,재방문
974,10269.0,2.0,12.0,40대,일반,재방문
975,6163.0,4.0,20.0,30대,일반,재방문
976,4656.0,10.0,13.0,20대,골드,재방문
977,8790.0,5.0,5.0,30대,골드,재방문
978,7211.0,6.0,10.0,40대,일반,재방문
979,5635.0,5.0,8.0,40대,일반,재방문
980,7961.0,8.0,10.0,20대,일반,재방문
981,7945.0,1.0,13.0,30대,골드,재방문
982,8140.0,4.0,5.0,50대이상,골드,재방문
983,7026.0,4.0,0.0,30대,실버,재방문
984,6861.0,9.0,10.0,30대,일반,재방문
985,9597.0,6.0,14.0,40대,실버,재방문
986,9573.0,3.0,16.0,50대이상,일반,재방문
987,13005.0,5.0,4.0,40대,실버,재방문
988,7955.0,1.0,10.0,40대,실버,비재방문
989,5661.0,6.0,11.0,30대,골드,재방문
990,8978.0,3.0,13.0,20대,일반,비재방문
991,11695.0,3.0,9.0,40대,실버,비재방문
992,9351.0,10.0,9.0,30대,일반,재방문
993,9032.0,2.0,10.0,40대,골드,재방문
994,4774.0,4.0,15.0,20대,골드,재방문
995,7082.0,6.0,19.0,30대,실버,재방문
996,8638.0,3.0,18.0,30대,일반,재방문
997,5383.0,4.0,9.0,,일반,재방문
998,11390.0,5.0,6.0,50대이상,일반,재방문
999,7800.0,5.0,18.0,30대,실버,재방문
1000,7918.0,5.0,7.0,20대,실버,재방문
1001,8398.0,4.0,0.0,20대,실버,재방문
1002,8983.0,4.0,5.0,30대,실버,재방문
1003,5630.0,0.0,17.0,30대,골드,재방문
1004,7186.0,5.0,0.0,30대,일반,재방문
1005,9538.0,8.0,11.0,40대,골드,재방문
1006,7669.0,3.0,7.0,20대,일반,재방문
1007,10878.0,4.0,11.0,20대,일반,재방문
1008,10492.0,4.0,15.0,20대,실버,재방문
1009,5221.0,3.0,6.0,40대,일반,재방문
1010,6008.0,0.0,13.0,50대이상,일반,재방문
1011,13567.0,0.0,5.0,20대,골드,재방문
1012,10420.0,7.0,11.0,40대,실버,재방문
1013,9550.0,1.0,4.0,30대,골드,재방문
1014,9747.0,4.0,14.0,50대이상,골드,재방문
1015,6078.0,3.0,8.0,50대이상,일반,재방문
1016,7278.0,4.0,1.0,50대이상,실버,재방문
1017,7135.0,4.0,4.0,40대,일반,재방문
1018,9531.0,4.0,4.0,30대,실버,재방문
1019,12674.0,6.0,7.0,30대,일반,재방문
1020,4878.0,6.0,9.0,30대,실버,재방문
1021,10382.0,2.0,2.0,20대,골드,재방문
1022,13109.0,1.0,12.0,30대,일반,재방문
1023,8458.0,4.0,17.0,20대,일반,재방문
1024,7974.0,1.0,3.0,20대,일반,재방문
1025,2771.0,3.0,6.0,30대,골드,재방문
1026,12268.0,6.0,2.0,20대,일반,재방문
1027,12628.0,5.0,4.0,50대이상,실버,재방문
1028,2231.0,7.0,17.0,50대이상,골드,재방문
1029,7093.0,1.0,10.0,30대,일반,재방문
1030,11268.0,2.0,10.0,30대,실버,재방문
1031,7515.0,5.0,20.0,40대,골드,재방문
1032,6128.0,3.0,14.0,40대,골드,재방문
1033,12748.0,5.0,18.0,40대,일반,재방문
1034,5435.0,7.0,12.0,20대,일반,재방문
1035,6256.0,5.0,8.0,30대,실버,재방문
1036,8769.0,4.0,2.0,30대,실버,재방문
1037,10138.0,4.0,8.0,50대이상,골드,재방문
1038,7849.0,9.0,1.0,30대,일반,재방문
1039,12174.0,4.0,4.0,50대이상,실버,재방문
1040,8336.0,3.0,9.0,30대,실버,재방문
1041,8946.0,4.0,13.0,40대,골드,재방문
1042,12162.0,7.0,10.0,30대,실버,재방문
1043,6619.0,6.0,7.0,20대,일반,재방문
1044,11070.0,5.0,14.0,20대,실버,재방문
1045,3979.0,6.0,13.0,30대,골드,재방문
1046,8454.0,4.0,5.0,20대,골드,재방문
1047,5628.0,5.0,12.0,40대,실버,재방문
1048,5808.0,4.0,8.0,30대,일반,재방문
1049,11377.0,4.0,12.0,30대,실버,재방문
1050,8719.0,6.0,12.0,30대,일반,재방문
1051,9835.0,6.0,12.0,30대,일반,비재방문
1052,5510.0,7.0,12.0,20대,실버,재방문
1053,5449.0,8.0,15.0,40대,실버,재방문
1054,12015.0,7.0,5.0,20대,골드,재방문
1055,11040.0,-0.0,0.0,50대이상,일반,비재방문
1056,10564.0,10.0,9.0,50대이상,실버,재방문
1057,7887.0,5.0,17.0,20대,일반,재방문
1058,8979.0,5.0,4.0,50대이상,일반,재방문
1059,5772.0,8.0,9.0,30대,실버,재방문
1060,8236.0,2.0,5.0,40대,골드,재방문
1061,8041.0,0.0,14.0,20대,실버,재방문
1062,8460.0,6.0,11.0,40대,실버,재방문
1063,10968.0,2.0,0.0,30대,실버,재방문
1064,9595.0,7.0,3.0,20대,골드,재방문
1065,7287.0,7.0,2.0,30대,일반,재방문
1066,12116.0,3.0,12.0,50대이상,실버,재방문
1067,7433.0,10.0,1.0,20대,일반,재방문
1068,7797.0,0.0,4.0,40대,일반,비재방문
1069,9246.0,4.0,11.0,30대,일반,재방문
1070,8034.0,5.0,5.0,30대,실버,재방문
1071,8496.0,4.0,7.0,40대,일반,재방문
1072,9001.0,4.0,5.0,40대,실버,재방문
1073,10632.0,5.0,7.0,20대,일반,재방문
1074,9584.0,9.0,10.0,40대,실버,재방문
1075,6440.0,6.0,7.0,30대,일반,재방문
1076,7483.0,4.0,15.0,20대,실버,재방문
1077,5246.0,5.0,7.0,30대,일반,재방문
1078,8297.0,5.0,14.0,30대,골드,재방문
1079,14498.0,2.0,21.0,20대,실버,재방문
1080,10238.0,1.0,23.0,30대,골드,재방문
1081,4970.0,2.0,21.0,50대이상,골드,비재방문
1082,8072.0,7.0,9.0,50대이상,실버,재방문
1083,4149.0,6.0,12.0,30대,일반,재방문
1084,11327.0,0.0,2.0,30대,일반,비재방문
1085,5384.0,5.0,5.0,50대이상,일반,재방문
1086,6514.0,4.0,18.0,20대,실버,재방문
1087,12359.0,8.0,14.0,40대,일반,재방문
1088,3525.0,1.0,11.0,30대,일반,재방문
1089,14256.0,6.0,21.0,20대,실버,재방문
1090,9273.0,1.0,13.0,20대,실버,비재방문
1091,6952.0,5.0,17.0,30대,일반,재방문
1092,5033.0,2.0,11.0,20대,일반,재방문
1093,6847.0,9.0,4.0,30대,실버,재방문
1094,5063.0,4.0,12.0,40대,실버,재방문
1095,10697.0,9.0,16.0,20대,일반,재방문
1096,5723.0,6.0,14.0,30대,실버,재방문
1097,3703.0,7.0,2.0,30대,일반,재방문
1098,11829.0,6.0,8.0,20대,일반,재방문
1099,7005.0,5.0,9.0,40대,실버,재방문
1100,11531.0,7.0,3.0,50대이상,일반,재방문
1101,7609.0,4.0,14.0,30대,일반,재방문
1102,9191.0,4.0,10.0,30대,일반,재방문
1103,9954.0,1.0,18.0,30대,일반,재방문
1104,6653.0,7.0,16.0,50대이상,골드,재방문
1105,9275.0,5.0,9.0,20대,골드,재방문
1106,7017.0,6.0,12.0,20대,일반,재방문
1107,5110.0,4.0,2.0,20대,실버,재방문
1108,8984.0,7.0,11.0,40대,일반,재방문
1109,6790.0,11.0,14.0,50대이상,일반,재방문
1110,9773.0,3.0,12.0,30대,골드,재방문
1111,8042.0,3.0,13.0,20대,일반,재방문
1112,12654.0,8.0,8.0,30대,일반,재방문
1113,2749.0,5.0,12.0,50대이상,실버,재방문
1114,6744.0,5.0,11.0,40대,일반,재방문
1115,6080.0,3.0,7.0,40대,골드,재방문
1116,8495.0,7.0,2.0,50대이상,일반,비재방문
1117,6911.0,5.0,6.0,20대,골드,재방문
1118,3248.0,3.0,22.0,40대,골드,재방문
1119,8446.0,3.0,0.0,40대,일반,재방문
1120,14654.0,4.0,17.0,30대,일반,재방문
1121,8727.0,7.0,5.0,30대,일반,재방문
1122,10172.0,3.0,4.0,30대,골드,비재방문
1123,6477.0,4.0,16.0,50대이상,일반,재방문
1124,11454.0,7.0,9.0,20대,일반,재방문
1125,6856.0,3.0,10.0,40대,일반,재방문
1126,10046.0,7.0,13.0,40대,일반,재방문
1127,6966.0,5.0,7.0,50대이상,골드,재방문
1128,11710.0,3.0,5.0,50대이상,실버,재방문
1129,3370.0,4.0,10.0,20대,실버,재방문
1130,11273.0,4.0,4.0,30대,일반,재방문
1131,7245.0,6.0,3.0,30대,일반,재방문
1132,8437.0,8.0,11.0,30대,일반,재방문
1133,10420.0,3.0,3.0,30대,일반,비재방문
1134,7872.0,8.0,11.0,40대,일반,재방문
1135,9186.0,4.0,18.0,20대,일반,재방문
1136,6803.0,3.0,6.0,30대,일반,재방문
1137,9512.0,3.0,4.0,20대,일반,재방문
1138,6333.0,4.0,21.0,40대,골드,재방문
1139,10575.0,0.0,7.0,40대,일반,재방문
1140,4982.0,3.0,20.0,30대,실버,재방문
1141,4222.0,4.0,0.0,50대이상,일반,재방문
1142,5290.0,6.0,9.0,30대,실버,재방문
1143,9556.0,3.0,20.0,30대,일반,재방문
1144,9388.0,7.0,-0.0,50대이상,실버,재방문
1145,6755.0,0.0,16.0,30대,일반,재방문
1146,2130.0,4.0,17.0,20대,골드,재방문
1147,10548.0,3.0,3.0,30대,골드,비재방문
1148,5143.0,7.0,7.0,30대,일반,재방문
1149,10260.0,4.0,4.0,50대이상,일반,재방문
1150,10690.0,7.0,5.0,20대,일반,재방문
1151,8201.0,2.0,14.0,30대,골드,재방문
1152,11077.0,6.0,11.0,50대이상,일반,재방문
1153,10813.0,9.0,10.0,40대,골드,재방문
1154,5800.0,9.0,8.0,30대,일반,재방문
1155,9156.0,4.0,11.0,40대,일반,재방문
1156,11053.0,4.0,5.0,20대,일반,재방문
1157,8474.0,2.0,11.0,20대,골드,비재방문
1158,10254.0,7.0,5.0,40대,일반,재방문
1159,4996.0,3.0,7.0,50대이상,일반,재방문
1160,8141.0,6.0,14.0,40대,골드,재방문
1161,6825.0,0.0,7.0,20대,실버,재방문
1162,12408.0,7.0,16.0,40대,일반,재방문
1163,8724.0,1.0,8.0,50대이상,일반,재방문
1164,6256.0,6.0,17.0,20대,골드,재방문
1165,5421.0,4.0,14.0,30대,실버,재방문
1166,11868.0,7.0,4.0,20대,일반,재방문
1167,3129.0,2.0,22.0,30대,일반,재방문
1168,10404.0,4.0,9.0,30대,실버,재방문
1169,5653.0,8.0,5.0,30대,일반,재방문
1170,9968.0,9.0,17.0,40대,골드,재방문
1171,5291.0,8.0,19.0,20대,일반,재방문
1172,6341.0,4.0,5.0,40대,골드,비재방문
1173,10834.0,4.0,13.0,30대,골드,재방문
1174,7206.0,6.0,16.0,30대,실버,재방문
1175,7655.0,7.0,8.0,40대,일반,재방문
1176,7483.0,6.0,22.0,30대,일반,재방문
1177,8891.0,6.0,0.0,40대,일반,재방문
1178,7645.0,7.0,3.0,40대,일반,재방문
1179,7537.0,3.0,1.0,50대이상,일반,재방문
1180,7883.0,6.0,19.0,20대,일반,재방문
1181,4222.0,4.0,10.0,20대,골드,재방문
1182,4209.0,5.0,4.0,20대,실버,비재방문
1183,10084.0,3.0,23.0,,실버,재방문
1184,8327.0,6.0,13.0,40대,일반,재방문
1185,4354.0,9.0,16.0,30대,실버,재방문
1186,8555.0,8.0,11.0,50대이상,일반,재방문
1187,7893.0,9.0,8.0,30대,실버,재방문
1188,11107.0,7.0,12.0,30대,실버,재방문
1189,5497.0,6.0,8.0,30대,일반,재방문
1190,7355.0,-0.0,8.0,,실버,재방문
1191,11276.0,4.0,19.0,30대,일반,재방문
1192,8600.0,6.0,5.0,30대,골드,재방문
1193,7934.0,3.0,2.0,40대,실버,재방문
1194,10437.0,5.0,16.0,20대,일반,재방문
1195,7601.0,6.0,11.0,30대,실버,비재방문
1196,4536.0,10.0,17.0,20대,일반,재방문
1197,8010.0,5.0,18.0,50대이상,일반,재방문
1198,5998.0,4.0,12.0,40대,일반,재방문
1199,7813.0,4.0,7.0,30대,일반,재방문
1200,8874.0,2.0,4.0,30대,실버,재방문
